taxon,rbcL,matK,ITS,trnL-trnF,
Acalypha gracilens,KJ773245.1,KJ772523.1,,,
Acalypha rhomboidea,U00435.1,,DQ006003.1,,
Acer negundo,DQ978417.1,EU749281.1,AY605406.1,AF401188.1,
Acer nigrum,DQ978431.1,,AY605324.1,DQ978560.1,
Acer rubrum,DQ459381.1,EU749286.1,AY605460.1,KF977443.1,
Acer saccharinum,HQ266407.1,EU749289.1,AY605463.1,HQ266573.1,
Acer saccharum,DQ978430.1,AY724265.1,DQ366139.1,AF401173.1,
Acorus americanus,DQ069499.1,DQ069583.1,DQ008850.1,EU814689.1,
Actaea pachypoda,EU053899.1,HQ593155.1,JQ033532.1,,
Actaea rubra,KF724233.1,HQ593156.1,JQ033570.1,,
Adiantum pedatum,KF186525.1,KJ605529.1,,JN052905.1,
Adlumia fungosa,,LN610916.1,,HE603352.1,
Aesculus glabra,KF724285.1,AY968671.1,EU687607.1,,
Agalinis aspera,,,,,
Agalinis gattingeri,EU828224.1,GU943685.1,EU827823.1,EU828156.1,
Agalinis paupercula,GU943627.1,GU943713.1,EU827853.1,EU828181.1,
Agalinis purpurea,EU828238.1,JX091307.1,EU827861.1,EU828189.1,
Agalinis skinneriana,EU828239.1,GU943724.1,EU827865.1,EU828193.1,
Agalinis tenuifolia,AY563936.1,AY563916.1,EU827875.1,EU828204.1,
Agastache nepetoides,,,GQ456135.1,,
Agastache scrophulariaefolia,,,GQ456138.1,,
Ageratina altissima,HQ590095.1,HQ593292.1,AF177782.1,,
Agrimonia gryposepala,HQ589939.1,HQ593157.1,,,
Agrimonia parviflora,U06791.1,,AY634863.1,,
Agrimonia pubescens,,,,,
Agrimonia rostellata,,,,,
Agrimonia striata,KJ593193.1,KJ840850.1,,,
Agrostis hyemalis,KJ773252.1,KJ772528.1,HQ600526.1,EU119353.1,
Agrostis perennans,KJ773253.1,KM212066.1,,,
Agrostis scabra,JX848486.1,DQ146807.1,DQ146776.1,,
Agrostis stolonifera,AJ746280.1,FJ231114.1,KM999958.1,DQ336835.1,
Aletris farinosa,JQ417657.1,,,EU186242.1,
Alisma subcordatum,,,DQ339084.1,,
Alisma triviale,HQ901563.1,,DQ339086.1,,
Allium burdickii,,,,,
Allium canadense,KJ773255.1,,KC119642.1,KC138983.2,
Allium cernuum,AJ299133.1,,KC119643.1,KC138984.2,
Allium stellatum,,,KC119693.1,KC139036.2,
Allium tricoccum,AJ299110.1,KJ592840.1,KC119704.1,KF550174.1,
Alnus incana,X56618.1,KF419026.1,AJ251666.1,FJ012048.1,
Alnus serrulata,KF418934.1,KF419032.1,AY352322.1,KF419074.1,
Alopecurus aequalis,KF712935.1,JN894037.1,KF713176.1,EU639572.1,
Alopecurus carolinianus,,,,,
Amaranthus hybridus,HM849765.1,KC747146.1,DQ005960.1,,
Amaranthus tuberculatus,,KC747168.1,KF493840.1,,
Ambrosia artemisiifolia,DQ006055.1,HQ593164.1,DQ005969.1,,
Ambrosia trifida,AY215082.1,AY215762.1,DQ005970.1,AY216141.1,
Amelanchier arborea,JQ391253.1,JQ390935.1,EF127041.1,JQ392193.1,
Amelanchier canadensis,JQ391257.1,JQ390937.1,JQ392363.1,JQ392194.1,
Amelanchier humilis,,,U83937.1,,
Amelanchier interior,JQ391249.1,JQ390936.1,,JQ392188.1,
Amelanchier laevis,JQ391259.1,JQ390945.1,JQ392366.1,JQ392196.1,
Amelanchier sanguinea,JQ391245.1,KJ840854.1,JQ392360.1,JQ392197.1,
Ammannia robusta,KF724282.1,,,,
Ammophila breviligulata,AJ784835.1,EF137482.1,,,
Amorpha canescens,,,AY426773.1,,
Amorpha fruticosa,U74212.1,AF270861.1,AY426774.1,,
Amphicarpaea bracteata,EU717257.1,EU717399.1,AF417015.1,EU717317.1,
Andromeda polifolia,AF124572.1,JF801293.1,AF358872.1,JF801624.1,
Andropogon gerardii,AJ784818.1,AF144577.1,DQ005015.1,AY116263.1,
Androsace occidentalis,,,EU655563.1,EU655584.1,
Anemone canadensis,EU053902.1,,AY055387.1,AM268047.1,
Anemone caroliniana,AY055423.1,,AY055403.1,,
Anemone cylindrica,JX848515.1,,JF422889.1,,
Anemone patens,JX848516.1,KC475640.1,,EU285567.1,
Anemone quinquefolia,JF810696.1,GU257980.1,GU257978.1,KF977444.1,
Anemone virginiana,AF386088.1,HQ593171.1,FJ639898.1,,
Angelica atropurpurea,KF613025.1,,,,
Antennaria neglecta,JX848401.1,HQ593172.1,L40793.1,,
Antennaria plantaginifolia,,,JX524602.1,,
Anticlea elegans,JN417468.1,JN417378.1,AF303725.1,AF303694.1,
Apios americana,EU717285.1,EU717426.1,KF272978.1,EF543425.1,
Aplectrum hyemale,EU391356.1,EF525693.1,AY008468.1,EU266434.1,
Apocynum androsaemifolium,HQ589956.1,EF456263.2,,EF456130.1,
Apocynum cannabinum,HQ384907.1,HQ384552.1,DQ005966.1,HQ412961.1,
Apocynum x,,,,,
Aquilegia canadensis,AY392755.1,EU827653.1,U75656.1,,
Arabidopsis lyrata,AY174652.1,XM_002886827.1,GQ922910.1,LN610043.1,
Arabis pycnocarpa,,,KF547179.1,KF547452.1,
Aralia hispida,KF724255.1,,U66925.1,,
Aralia nudicaulis,HQ589959.1,HQ593176.1,U41674.1,AF382157.1,
Aralia racemosa,GU054520.1,HQ593177.1,U66926.1,GU055090.1,
Arctostaphylos uva-ursi,GU176649.1,AF440411.1,AF091950.1,FJ357293.1,
Arethusa bulbosa,AF074109.1,AF263624.1,AF273338.1,AF519912.1,
Argentina anserina,JX848521.1,AF288113.1,U90788.1,AF348556.1,
Arisaema dracontium,KC466585.1,KC466573.1,,AB982358.1,
Arisaema triphyllum,AY298817.1,KC466577.1,KF977433.1,KF977445.1,
Aristida dichotoma,,,DQ171991.1,DQ172216.1,
Aristida intermedia,,,,,
Aristida longespica,HQ713378.1,HM352806.1,DQ172013.1,DQ172239.1,
Aristida oligantha,HE573350.1,HE573945.1,DQ172020.1,DQ172246.1,
Aristida purpurascens,HQ713380.1,HM352807.1,DQ172028.1,DQ172253.1,
Aristida tuberculosa,,,DQ172062.1,DQ172286.1,
Arnoglossum atriplicifolium,GU817738.1,EF537911.1,EF538154.1,EF538091.1,
Arnoglossum plantagineum,,,EF538155.1,,
Arnoglossum reniforme,,,,,
Aronia prunifolia,JQ391241.1,JQ390930.1,JQ392370.1,JQ392187.1,
Artemisia caudata,,,JF326536.1,,
Artemisia serrata,,,JX051706.1,JX073785.1,
Aruncus dioicus,U06794.1,JQ041784.1,JQ041766.1,AF348536.1,
Asarum canadense,L14290.1,KF408224.1,FJ428645.1,AY689147.1,
Asclepias amplexicaulis,KJ773284.1,KJ772559.1,,,
Asclepias exaltata,L14390.1,,,,
Asclepias incarnata,DQ006053.1,GQ248083.1,DQ005967.1,,
Asclepias lanuginosa,,,,,
Asclepias longifolia,,,,AM295749.1,
Asclepias meadii,,,,,
Asclepias ovalifolia,,,,,
Asclepias perennis,KJ773289.1,KJ772564.1,,,
Asclepias purpurascens,,,,,
Asclepias sullivantii,,,,,
Asclepias syriaca,HQ384906.1,HQ384551.1,,HQ412960.1,
Asclepias tuberosa,GQ248553.1,GQ248084.1,EF590756.1,AF214158.1,
Asclepias verticillata,KJ773290.1,KJ772567.1,,,
Asclepias viridiflora,,,,,
Asimina triloba,AY743441.1,GQ139711.1,GQ139688.1,AY145353.1,
Asplenium platyneuron,AF525272.1,,,AF525240.1,
Asplenium rhizophyllum,KF186530.1,,,AY300083.1,
Astragalus canadensis,,AY386875.1,L10770.1,,
Astragalus neglectus,,,AF121713.1,,
Astragalus tennesseensis,,,,,
Athyrium filix-femina,U05908.1,JF303941.1,,HQ676519.1,
Aureolaria flava,KJ773297.1,KJ772569.1,,,
Aureolaria grandiflora,,,,,
Aureolaria pedicularia,AY563940.1,AY563920.1,,EU828208.1,
Aureolaria virginica,,,,,
Azolla cristata,,,JX297313.1,JX273520.1,
Baptisia alba,KJ773304.1,KJ772576.1,AY773348.1,,
Baptisia bracteata,,,AY773349.1,,
Baptisia tinctoria,Z70120.1,,,,
Bartonia virginica,KF496033.1,KF496070.1,EU812474.1,EU834127.1,
Beckmannia syzigachne,EF125142.1,EF137487.1,EU792342.1,DQ353965.1,
Berberis canadensis,,JQ172859.1,KC575590.1,,
Berula erecta,KM360668.1,JN895702.1,DQ005660.1,,
Besseya bullii,,,AY483211.1,,
Betula alleghaniensis,KF418936.1,AY372015.1,AY761100.1,KF419075.1,
Betula nigra,L01889.2,KJ772579.1,AY761124.1,,
Betula papyrifera,X56617.1,AY372022.1,AF432067.1,FJ012058.1,
Betula populifolia,KF418944.1,AY372024.1,AY352333.1,KF419082.1,
Betula pumila,KC482105.1,KC474179.1,AY761131.1,,
Bidens aristosa,,,KM347903.1,,
Bidens beckii,,,U67096.1,,
Bidens cernua,HQ589973.1,JN893870.1,U67098.1,,
Bidens discoidea,,,KM347906.1,,
Bidens frondosa,HQ589974.1,HQ593192.1,U67094.1,,
Bidens trichosperma,,AY551476.1,AY553657.1,EU047837.1,
Bidens tripartita,KM360671.1,AY551475.1,U67097.1,EU047835.1,
Bidens vulgata,,,,,
Blephilia ciliata,,GU381743.1,AF369167.1,GU381580.1,
Blephilia hirsuta,,,JQ669077.1,AY506605.1,
Boechera canadensis,,,JX146971.1,EU620405.1,
Boechera grahamii,KJ841137.1,,,,
Boechera laevigata,DQ006074.1,,DQ005987.1,JX146121.1,
Boechera missouriensis,,,JX146968.1,JX146120.1,
Boechera shortii,,,EU274846.1,EU154254.1,
Boechera stricta,,AF144350.1,GQ166414.1,DQ013051.1,
Boehmeria cylindrica,KJ773314.1,KJ772586.1,,,
Boltonia asteroides,,,AF046975.1,,
Botrychium campestre,,,,AY138426.1,
Botrychium dissectum,AY138401.1,AB716746.1,,AY138436.1,
Botrychium matricariifolium,L40967.1,,,KF700429.1,
Botrychium multifldum,,,,,
Botrychium simplex,,,,AY138427.1,
Botrychium virginianum,AY138407.1,AB716741.1,,KF700456.1,
Bouteloua curtipendula,JN681654.1,AF144578.1,EF060131.1,JF791635.1,
Bouteloua hirsuta,,,EF060187.2,JF791682.1,
Brachyelytrum erectum,KJ841140.1,LN554425.1,EU489105.1,EU119358.1,
Brasenia schreberi,M77031.1,DQ185529.1,EF526394.1,GQ380005.1,
Brickellia eupatorioides,KJ773319.1,KJ772589.1,JQ737028.1,,
Bromus ciliatus,JX848490.1,,AY367909.1,,
Bromus kalmii,,,AY367916.1,EU119360.1,
Bromus latiglumis,,,AY367920.1,,
Bromus pubescens,,,AY367927.1,,
Buchnera americana,KJ773321.1,KC542150.1,KC480306.1,,
Bulbostylis capillaris,,,,,
Cakile edentula,HM849832.1,JN584957.1,KJ685080.1,,
Calamagrostis canadensis,KC482155.1,DQ786896.1,FJ377632.1,FJ394566.1,
Calamagrostis stricta,KC482182.1,KC474256.1,FJ377658.1,,
Calamovilfa longifolia,JX848493.1,,GU359300.1,EF156677.1,
Calla palustris,AM905819.1,HQ687765.1,,AY555174.1,
Callirhoe triangulata,,,,,
Callitriche heterophylla,L11681.1,,,,
Callitriche palustris,,,,,
Calopogon oklahomensis,,,AF273354.1,AF519913.1,
Calopogon tuberosus,AF074119.1,AF263635.1,AF273395.1,,
Caltha palustris,KM360689.1,JN895556.1,KF233853.1,FJ626540.1,
Calylophus serrulatus,,,,,
Calystegia sepium,AY100992.1,FJ395438.1,KC528909.1,AY101101.1,
Calystegia spithamaea,,,KC528913.1,,
Camassia scilloides,JQ273890.1,JQ276385.1,KP008322.1,KP008178.1,
Campanula aparinoides,EU643728.1,,,EF088702.1,
Campanula rotundifolia,EU713443.1,JN571959.1,DQ304615.1,EF213153.1,
Campanulastrum americanum,EU713419.1,EU713312.1,AY322044.1,GQ254928.1,
Cardamine bulbosa,,,EU819316.1,EU819242.1,
Cardamine concatenata,DQ006075.1,KJ592878.1,JQ901414.1,FJ464543.1,
Cardamine diphylla,HQ589983.1,HQ593200.1,EU819331.1,EU819249.1,
Cardamine douglassii,,,EU819332.1,EU819247.1,
Cardamine parviflora,,,DQ268404.1,DQ209134.1,
Cardamine pensylvanica,AF020324.1,,DQ268467.1,DQ268303.1,
Cardamine pratensis,KM360692.1,HM850749.1,KF988135.1,AY260636.1,
Carex abdita,,,,,
Carex aggregata,HQ589984.1,HQ593201.1,EU000921.1,,
Carex alata,KJ773337.1,KJ772605.1,AY779066.1,,
Carex albicans,,,AY325479.1,,
Carex albolutescens,,,DQ115088.1,,
Carex albursina,HQ589985.1,,AY757626.1,AY757554.1,
Carex alopecoidea,,,EU000924.1,,
Carex amphibola,DQ006088.1,FJ597181.1,DQ006000.1,,
Carex annectens,,,DQ115092.1,,
Carex aquatilis,KC482236.1,KP273666.1,AY278301.1,AF284892.1,
Carex arctata,HQ589986.1,KJ840877.1,DQ998900.1,DQ998953.1,
Carex argyrantha,,,AY779069.1,,
Carex atherodes,,,,,
Carex atlantica,,,DQ115104.1,,
Carex aurea,HQ589987.1,HQ593202.1,DQ998901.1,AF284960.1,
Carex bebbii,,,AY779071.1,,
Carex bicknellii,,,AY757403.1,AF284937.1,
Carex blanda,HQ589988.1,KJ513583.1,AY757627.1,AY757555.1,
Carex brevior,KJ841157.1,,AY779075.1,,
Carex bromoides,KJ773339.1,FJ597192.1,AY757404.1,AY757474.1,
Carex brunnescens,KF977470.1,HQ593204.1,KF977435.1,AY757481.1,
Carex buxbaumii,,,AY278262.1,EU288428.1,
Carex canescens,GQ469845.1,KC474309.1,AY757406.1,AF284888.1,
Carex careyana,,,AF027482.1,,
Carex cephaloidea,KJ841161.1,,AY757407.1,AY757465.1,
Carex cephalophora,DQ006089.1,,AY757408.1,AY757466.1,
Carex chordorrhiza,FJ548256.1,JN966176.1,AY757409.1,AY757485.1,
Carex communis,KJ593266.1,KJ840878.1,DQ998906.1,AF284874.1,
Carex comosa,KJ841167.1,,AY757575.1,AY757502.1,
Carex conjuncta,,,EU000955.1,,
Carex conoidea,,FJ597199.1,,,
Carex crawei,,,,,
Carex crawfordii,,,AY779089.1,,
Carex crinita,KJ593268.1,,AY757589.1,AY757516.1,
Carex cristatella,HQ589993.1,HQ593205.1,DQ115134.1,,
Carex crus-corvi,,,AY757410.1,AY757469.1,
Carex cryptolepis,,,JX409851.1,,
Carex cumulata,,,AY779091.1,,
Carex davisii,,,,,
Carex debilis,HM849850.1,HM850839.1,AF285029.1,AF284927.1,
Carex deweyana,HQ589994.1,KP273678.1,AY757412.1,AY757475.1,
Carex diandra,KC482264.1,KC474313.1,AY699626.1,AF284924.1,
Carex digitalis,KJ773343.1,,DQ998908.1,AF284933.1,
Carex disperma,KJ841173.1,KJ840881.1,AY757414.1,AY757489.1,
Carex eburnea,,,DQ998912.1,AF284898.1,
Carex echinata,HM849852.1,JN895483.1,EU352224.1,AY757477.1,
Carex emmonsii,,,,,
Carex emoryi,,,GQ223598.1,,
Carex festucacea,,,AY779098.1,,
Carex flava,,,AY278310.1,AF284905.1,
Carex folliculata,,,AY757601.1,AY757528.1,
Carex formosa,,,,,
Carex frankii,KJ773346.1,KJ772613.1,,,
Carex garberi,KC482272.1,KC474320.1,JN999037.1,,
Carex gracilescens,,,,,
Carex gracillima,KJ593272.1,KJ592879.1,DQ998918.1,AF284952.1,
Carex granularis,HQ589995.1,,DQ998919.1,DQ998972.1,
Carex gravida,,,EU001018.1,,
Carex grayi,,,AY757580.1,AY757507.1,
Carex grisea,,FJ597215.1,,,
Carex haydenii,,,AY779106.1,,
Carex hirsutella,,,,,
Carex hirtifolia,HQ589996.1,,AY757611.1,AY757538.1,
Carex hitchcockiana,,FJ597219.1,AY757614.1,AY757541.1,
Carex hystericina,HQ589998.1,HQ593207.1,AY757574.1,AY757501.1,
Carex interior,HQ589999.1,HQ593209.1,AY757419.1,AY757476.1,
Carex intumescens,KJ773351.1,KJ772617.1,KF977436.1,AY757506.1,
Carex jamesii,,FJ597225.1,AF027465.1,,
Carex lacustris,,,,,
Carex laeviconica,,,,,
Carex laevivaginata,,,AY757420.1,AY757470.1,
Carex lasiocarpa,JX644625.1,JN895750.1,AY278297.1,AF284929.1,
Carex laxiculmis,,,,,
Carex laxiflora,HQ590002.1,HQ593210.1,AF284964.1,AF284862.1,
Carex leptalea,KJ773353.1,KJ772619.1,AF285060.1,AF284958.1,
Carex leptonervia,KJ593276.1,KJ592880.1,,,
Carex limosa,JX644630.1,JN896254.1,AY278298.1,AF284899.1,
Carex longii,KJ773354.1,KJ772620.1,JN903145.1,JQ653156.1,
Carex lupuliformis,KJ773355.1,KJ772621.1,,,
Carex lupulina,KJ773356.1,KJ772622.1,AY757576.1,AF284861.1,
Carex lurida,KJ773357.1,KJ772623.1,AF284962.1,AF284860.1,
Carex meadii,,,,,
Carex molesta,,,AY779122.1,,
Carex muehlenbergii,,,AY757422.1,AY757467.1,
Carex muskingumensis,,,AY779126.1,,
Carex nigromarginata,,,AY325478.1,,
Carex normalis,,,AY779127.1,,
Carex oligocarpa,DQ006090.1,FJ597237.1,DQ006001.1,AY757542.1,
Carex oligosperma,,,AY757578.1,AY757505.1,
Carex pallescens,KJ841191.1,JN896250.1,AY278299.1,AF284895.1,
Carex pauciflora,GQ469850.1,JN896248.1,AY757631.1,AF284881.1,
Carex peckii,KJ841192.1,,DQ998940.1,DQ998993.1,
Carex pedunculata,HQ590005.1,HQ593213.1,AY757623.1,AF284867.1,
Carex pellita,,,,,
Carex pensylvanica,HQ590007.1,HQ593215.1,AY757622.1,AF284875.1,
Carex plantaginea,HQ590008.1,,AY757613.1,AY757540.1,
Carex platyphylla,KJ841198.1,KJ840885.1,,,
Carex prairea,,,DQ115252.1,,
Carex prasina,KJ841199.1,,AF285043.1,AF284941.1,
Carex projecta,KF977472.1,,KF977437.1,AY757487.1,
Carex pseudocyperus,KJ841201.1,JN894711.1,EU352234.1,,
Carex radiata,KJ841204.1,KJ840886.1,AY757424.1,AY757492.1,
Carex retrorsa,HQ590010.1,HQ593216.1,AY757577.1,AY757504.1,
Carex richardsonii,,,,,
Carex rosea,HQ590012.1,,AY757425.1,AY757491.1,
Carex rugosperma,KJ841211.1,KJ840887.1,AF284978.1,AF284876.1,
Carex sartwellii,,,DQ115266.1,,
Carex scabrata,HQ590013.1,HQ593217.1,AY757585.1,AY757512.1,
Carex scoparia,,,AY779156.1,,
Carex seorsa,,,DQ115270.1,,
Carex shortiana,,,DQ115272.1,AY757513.1,
Carex siccata,JX848454.1,KP273705.1,EU001064.1,,
Carex sparganioides,HQ590014.1,HQ593218.1,EU001069.1,DQ999000.1,
Carex sprengelii,HQ590015.1,,,,
Carex squarrosa,,KP273707.1,AY757587.1,AY757514.1,
Carex sterilis,,,DQ115286.1,,
Carex stipata,KJ773358.1,KJ513593.1,AY757426.1,AY757471.1,
Carex straminea,,,AY779163.1,,
Carex stricta,,,GQ223638.1,,
Carex suberecta,,,AY779166.1,,
Carex swanii,,,AY757603.1,AY757530.1,
Carex tenera,KJ841210.1,,AY779171.1,,
Carex tenuiflora,JX644649.1,,AY757427.1,AY757482.1,
Carex tetanica,,,,,
Carex tonsa,KJ841211.1,KJ840887.1,AF284978.1,AF284876.1,
Carex torreyi,,,AF285051.1,AF284949.1,
Carex torta,,,AF285021.1,AF284919.1,
Carex tribuloides,KJ841214.1,,AY757428.1,AY757486.1,
Carex trichocarpa,,,AY757570.1,AY757497.1,
Carex trisperma,KJ841215.1,KJ840888.1,AY757429.1,AY757483.1,
Carex tuckermanii,,,AY757573.1,AY757500.1,
Carex typhina,,,AF285032.1,AF284930.1,
Carex utriculata,KJ841217.1,JN966210.1,JN999091.1,,
Carex vesicaria,KJ841218.1,JN314531.1,AY278289.1,,
Carex virescens,,,AY757606.1,AY757533.1,
Carex viridula,HM849865.1,JN896091.1,AY278308.1,AY757524.1,
Carex vulpinoidea,HQ590018.1,KP273710.1,AY757430.1,AF284866.1,
Carex woodii,KJ593288.1,KJ592882.1,,,
Carex x,,,,,
Carpinus caroliniana,X56621.1,AY212016.1,FJ011710.1,AY211399.1,
Carya cordiformis,AF303766.1,HQ593223.1,AF303820.1,AF303793.1,
Carya laciniosa,KF418859.1,,KF201308.1,KF419060.1,
Carya ovalis,AF119186.1,KJ772636.1,AF174618.1,AF303796.1,
Carya ovata,AY263931.1,U92850.1,AF174620.1,AY147074.1,
Carya tomentosa,AF303770.1,AF118039.1,EU646134.1,KF201502.1,
Castilleja coccinea,,JX091314.1,KC480308.1,,
Castilleja sessiliflora,,JX091316.1,KC480317.1,,
Caulophyllum thalictroides,AF190442.1,AB069831.1,L77158.1,FJ626552.1,
Ceanothus americanus,KC539681.1,AF049797.1,HQ325310.1,KC539715.1,
Ceanothus herbaceus,,,HQ325325.1,,
Celastrus scandens,AY788195.1,FJ670050.1,EU328761.1,JQ424300.1,
Celtis occidentalis,KC539683.1,AY257535.1,DQ499147.1,KC539717.1,
Celtis tenuifolia,,,,,
Cenchrus longispinus,,,,,
Cephalanthus occidentalis,X83629.1,AY538377.1,AY205363.1,AF152692.1,
Cerastium nutans,,,,AY521387.1,
Cerastium velutinum,,,,AY521360.1,
Ceratophyllum demersum,AB917052.1,AF543732.1,KM582605.1,AY145335.1,
Ceratophyllum echinatum,,KM582621.1,EF526409.1,,
Cercis canadensis,U74188.1,EU361912.1,JQ425129.1,AF430768.1,
Chaerophyllum procumbens,DQ829734.1,,KJ956551.1,,
Chamaecrista fasciculata,U74187.1,AY386955.1,EF590760.1,,
Chamaecrista nictitans,AM234248.1,EU361914.1,FJ009855.1,FJ009906.1,
Chamaedaphne calyculata,L12606.2,AF015630.1,AF358873.1,JF801634.1,
Chamaesyce maculata,JN249345.1,EU659800.1,HQ645294.1,JN249677.1,
Chamaesyce nutans,HM849991.1,HQ645765.1,HQ645309.1,HQ645615.1,
Chamaesyce polygonifolia,,,,,
Chamerion angustifolium,KM360765.1,JN894188.1,JF976297.1,AY264505.1,
Chasmanthium latifolium,U31101.1,HE573997.1,DQ006028.1,DQ172304.1,
Chelone glabra,HQ384895.1,HQ384535.1,HQ652976.1,HQ412949.1,
Chenopodium leptophyllum,,,KP226651.1,HE577566.1,
Chenopodium simplex,HQ590032.1,HQ593233.1,,,
Chenopodium standleyanum,,,KJ629051.1,HE577603.1,
Chimaphila maculata,FJ357269.1,AF440414.1,AY294625.1,FJ357283.1,
Chimaphila umbellata,AF419818.1,AF440416.1,KC526986.1,FJ357285.1,
Chrysopsis camporum,,,,,
Chrysosplenium americanum,HQ590034.1,AF297636.1,,,
Cicuta bulbifera,KJ841237.1,,AY524715.1,,
Cicuta maculata,KJ773386.1,KJ772659.1,AY524762.1,,
Cimicifuga racemosa,,JQ033484.1,JQ033561.1,AB987695.1,
Cinna arundinacea,,,EU792343.1,EU792436.1,
Circaea alpina,L10216.1,KJ592899.1,GQ232501.1,GQ232690.1,
Circaea canadensis,KJ593310.1,KJ592900.1,AY357770.1,GQ232697.1,
Cirsium altissimum,,,KC603907.1,,
Cirsium discolor,GU817749.1,GU817442.1,AF443692.1,GU817988.1,
Cirsium muticum,,,JX867633.1,,
Cirsium pitcheri,,,JX867634.1,,
Cirsium pumilum,,,JX867632.1,,
Cladium mariscoides,,,,,
Claytonia virginica,,AY764113.1,AY764067.1,,
Clematis pitcheri,GU732536.1,,GU732617.1,,
Clematis virginiana,GU732559.1,HQ593242.1,GU732640.1,,
Clinopodium arkansanum,,,JQ669080.1,JF301362.1,
Clinopodium vulgare,KM360725.1,AY840153.1,DQ667324.1,DQ667513.1,
Clintonia borealis,AB056856.1,LM993138.1,,,
Coeloglossum viride,KJ451495.1,EF079300.1,DQ022882.1,,
Coleataenia anceps,HE573408.1,HE574089.1,AY129694.1,,
Coleataenia longifolia,,,,,
Coleataenia rigidula,,,,,
Collinsia verna,,HQ653458.1,AF385351.1,,
Collinsonia canadensis,Z37387.1,AY840148.1,JQ669087.1,AY570453.1,
Comandra umbellata,JX848536.1,DQ329192.1,,,
Comarum palustre,KF724289.1,JN896178.1,KF873766.1,AJ512237.1,
Commelina erecta,JQ591126.1,KJ772671.1,,EF092858.1,
Comptonia peregrina,DQ310505.1,U92856.1,DQ310501.1,AY263905.1,
Conioselinum chinense,KF613028.1,,U78374.2,,
Conopholis americana,,KC542156.1,KC480325.1,,
Coptis trifolia,AF093730.1,AB695565.1,,AB159540.1,
Corallorhiza maculata,EU391362.1,EF525700.1,EF525679.1,,
Corallorhiza odontorhiza,EU391360.1,EF525701.1,EF525683.1,KF514756.1,
Corallorhiza trifida,EU391357.1,EF525695.1,EF525677.1,KF514745.1,
Corallorhiza wisteriana,EU391361.1,EF525703.1,EF525685.1,KF514790.1,
Coreopsis lanceolata,HM849915.1,AY551495.1,KM347942.1,,
Coreopsis palmata,,AY551480.1,AY553673.1,EU047861.1,
Coreopsis tripteris,,AY551499.1,KM347936.1,,
Corispermum hyssopifolium,JQ693434.1,,,,
Cornus alba,KP088541.1,DQ340450.1,DQ340484.1,,
Cornus alternifolia,AF190432.1,U96889.1,DQ340526.1,JF321138.1,
Cornus canadensis,L11213.2,DQ341333.1,AY530913.1,JF321150.1,
Cornus drummondii,,,DQ340495.1,,
Cornus florida,EU002276.1,EU002175.1,DQ340537.1,AY254238.1,
Cornus obliqua,L11217.2,U96898.1,DQ340506.1,,
Cornus racemosa,DQ340445.1,DQ340470.1,DQ343138.1,JF321142.1,
Cornus rugosa,EU676910.1,DQ340471.1,DQ340516.1,,
Corydalis flavula,DQ006097.1,,DQ006011.1,,
Corydalis sempervirens,KM212113.1,LN610917.1,,HE603351.1,
Corylus americana,KF418949.1,AF297379.1,AF297349.1,AY211417.1,
Corylus cornuta,X56619.1,AF297373.1,AF297343.1,AY211419.1,
Crataegus calpodendron,,,EF127018.1,,
Crataegus chrysocarpa,HQ590047.1,KC251019.1,KC173956.1,,
Crataegus crus-galli,KC251250.1,KC251023.1,EF127010.1,AM157402.1,
Crataegus flabellata,,,EU500440.1,,
Crataegus intricata,,,,,
Crataegus mollis,HQ590052.1,HQ593254.1,EF127012.1,,
Crataegus pedicellata,,,,,
Crataegus pruinosa,,,,,
Crataegus punctata,HQ590053.1,KC251126.1,KC174275.1,,
Crataegus succulenta,JQ391237.1,JQ391066.1,,JQ392349.1,
Crotalaria sagittalis,,,,,
Cryptogramma stelleri,KC700116.1,,,DQ432691.1,
Cryptotaenia canadensis,DQ006050.1,HQ593258.1,DQ005964.1,,
Cuscuta campestris,EU330268.1,,AY880318.1,KC569803.1,
Cuscuta cephalanthi,EU330264.1,,AY554399.1,EF194414.1,
Cuscuta compacta,AY558863.1,,AY558825.1,EF194426.1,
Cuscuta coryli,KJ436629.1,,EF194540.1,EF194290.1,
Cuscuta glomerata,EU330265.1,,EF194644.1,EF194433.1,
Cuscuta gronovii,AJ320207.2,,AY554402.1,AY101167.1,
Cuscuta pentagona,AY101056.1,,AY558821.1,AY101165.1,
Cuscuta polygonorum,,,EU330298.1,EF194455.1,
Cycloloma atriplicifolium,HM587598.1,,HQ218997.1,,
Cynoglossum virginianum,,,,KC542491.1,
Cyperus acuminatus,,,KF146652.1,,
Cyperus bipartitus,,,,,
Cyperus dentatus,,,,,
Cyperus diandrus,,,,,
Cyperus erythrorhizos,DQ006091.1,KJ772699.1,KF193571.1,,
Cyperus esculentus,HM849937.1,HM850854.1,KF193572.1,,
Cyperus flavescens,Y13005.1,HM850856.1,KF150598.1,,
Cyperus houghtonii,,,,,
Cyperus lupulinus,HQ590056.1,,KF150564.1,,
Cyperus odoratus,AB369949.1,KJ772706.1,KF150569.1,,
Cyperus schweinitzii,,,,,
Cyperus squarrosus,,,KF150583.1,AF285071.1,
Cyperus strigosus,AM999815.1,,KF193574.1,,
Cypripedium acaule,EF370111.1,JQ182204.1,EF370099.1,,
Cypripedium arietinum,EF370104.1,,JF796899.1,JF796892.1,
Cypripedium candidum,EF370103.1,JQ182199.1,EF370092.1,JF797014.1,
Cypripedium parviflorum,EF370106.1,HQ593261.1,EF370089.1,JF797016.1,
Cypripedium reginae,EF370105.1,,JF796917.1,JF796860.1,
Cypripedium x,,,,,
Cystopteris bulbifera,KF186522.1,JX873976.1,,,
Cystopteris fragilis,U05916.1,JX873986.1,,HQ676522.1,
Cystopteris protrusa,JX874051.1,JX874000.1,,,
Cystopteris tenuis,KF186506.1,JX874010.1,,,
Dalea candida,,,AY426778.1,,
Dalea foliosa,,,,,
Dalea purpurea,,AY391798.1,AY426794.1,,
Danthonia spicata,FN870387.1,FN908051.1,EU401313.1,EU401198.1,
Dasiphora fruticosa,KC544534.1,KC474489.1,GU444027.1,AF348557.1,
Dasistoma macrophylla,AY563947.1,AY563921.1,EU827881.1,EU828210.1,
Decodon verticillatus,AY905406.1,GU228434.1,AY035752.1,AY905457.1,
Delphinium tricorne,EU053910.1,,AF258770.1,,
Dendrolycopodium obscurum,Y07935.1,EU749492.1,AF338752.1,KF977455.1,
Deparia acrostichoides,KF186515.1,JN673820.1,,JN673862.1,
Deschampsia caespitosa,KC482500.1,KJ529352.1,AY237844.1,FJ394554.1,
Deschampsia flexuosa,KJ841123.1,AM234545.1,AY237846.1,AY237913.1,
Desmanthus illinoensis,KJ773441.1,KJ772715.1,AF458836.1,,
Desmodium canadense,HQ590061.1,HQ593266.1,KM098891.1,KM098867.1,
Desmodium canescens,,,KM098883.1,KM098859.1,
Desmodium ciliare,KJ773442.1,KJ772716.1,KM098882.1,KM098858.1,
Desmodium cuspidatum,,,,EU717293.1,
Desmodium glabellum,,,,,
Desmodium glutinosum,KJ593475.1,KJ592990.1,KM098880.1,KM098856.1,
Desmodium illinoense,,,,,
Desmodium marilandicum,,,KM098884.1,KM098860.1,
Desmodium nudiflorum,KM212117.1,KM212070.1,KM098881.1,KM098857.1,
Desmodium obtusum,,,,,
Desmodium paniculatum,KJ773445.1,KJ772717.1,KM098886.1,KM098862.1,
Desmodium rotundifolium,,,KM098889.1,KM098865.1,
Desmodium sessilifolium,,,,,
Diarrhena americana,,LN554431.1,AF019798.1,JQ972962.1,
Dicentra canadensis,HQ590062.1,HQ593267.1,,,
Dicentra cucullaria,KJ593359.1,LN610936.1,,LN610899.1,
Dichanthelium acuminatum,HQ590064.1,HF558501.1,,,
Dichanthelium boreale,,,,,
Dichanthelium clandestinum,FR821369.1,FR821368.1,,,
Dichanthelium commutatum,KJ773450.1,HM352800.1,,,
Dichanthelium depauperatum,HQ713383.1,HM352799.1,,,
Dichanthelium dichotomum,FN870398.1,FN908062.1,,,
Dichanthelium latifolium,KJ841273.1,HF558502.1,,,
Dichanthelium leibergii,,,,,
Dichanthelium linearifolium,KJ841274.1,HF558503.1,,,
Dichanthelium meridionale,,,,,
Dichanthelium oligosanthes,KJ740993.1,KJ740971.1,,,
Dichanthelium ovale,,,,,
Dichanthelium perlongum,,,,,
Dichanthelium portoricense,KJ773454.1,KJ772725.1,,,
Dichanthelium sphaerocarpon,KJ773456.1,KJ772727.1,,,
Dichanthelium spretum,,,,,
Dichanthelium wilcoxianum,,,,,
Didiplis diandra,GU075887.1,GU228435.1,HQ878351.1,,
Diervilla lonicera,HQ590066.1,HQ593270.1,AF078722.1,,
Digitaria flliformis,,,,,
Dioscorea villosa,DQ006092.1,,,GQ265286.1,
Diphasiastrum complanatum,AB574627.1,,,,
Diphasiastrum tristachyum,AM778071.1,,,,
Diplazium pycnocarpon,KJ841281.1,,,,
Dirca palustris,U26322.2,HQ593273.1,GQ471038.1,GQ471066.1,
Dodecatheon meadia,U96658.1,AY647482.1,AF164016.1,AY647697.1,
Doellingeria umbellata,KJ841283.1,KJ592931.1,AF046966.1,,
Draba reptans,,,DQ467608.1,DQ467183.1,
Drosera intermedia,JN891175.1,,JN388069.1,,
Drosera rotundifolia,KM360758.1,JN895618.1,HM204888.1,,
Drymocallis arguta,JX848522.1,HQ593397.1,U90787.1,FJ422289.1,
Dryopteris carthusiana,JQ935272.1,JQ941655.1,,FR731972.1,
Dryopteris celsa,JQ935249.1,JQ941652.1,,JN105314.1,
Dryopteris clintoniana,JQ947934.1,JQ941605.1,,JQ683004.1,
Dryopteris cristata,U05923.1,JQ941613.1,,HQ676525.1,
Dryopteris fllix-mas,,,,,
Dryopteris goldiana,JQ947925.1,JQ941615.1,,FR731984.1,
Dryopteris intermedia,JQ947944.1,JQ941659.1,KF977439.1,FR731985.1,
Dryopteris marginalis,KF186511.1,JQ941607.1,,FR731986.1,
Dulichium arundinaceum,AY725943.1,JX065083.1,DQ998949.1,AF285067.1,
Echinacea pallida,,,EU785938.1,,
Echinacea purpurea,AB530963.1,,EU785937.1,,
Echinochloa crus-galli,AM887871.1,KF010247.1,KF010208.1,KF163587.1,
Echinochloa walteri,KJ773470.1,KJ772746.1,,,
Echinocystis lobata,DQ535809.1,AY491653.1,AY396411.1,DQ536814.1,
Echinodorus berteroi,,EF088134.1,EF088087.1,,
Eleocharis acicularis,AB369953.1,KJ513595.1,GU977052.1,JX644718.1,
Eleocharis compressa,,,AF190591.1,,
Eleocharis elliptica,,,GU110805.1,,
Eleocharis engelmannii,,,AF190593.1,,
Eleocharis equisetoides,,,FJ826585.1,,
Eleocharis geniculata,AM999823.1,JQ587360.1,GU110816.1,,
Eleocharis intermedia,,,GU110824.1,,
Eleocharis melanocarpa,,,AF190594.1,,
Eleocharis microcarpa,,,AF190600.1,,
Eleocharis obtusa,KJ841293.1,,AF190595.1,,
Eleocharis olivacea,,,,,
Eleocharis palustris,KM360762.1,HM850943.1,GU977101.1,AB889408.1,
Eleocharis quadrangulata,AM999827.1,,FJ826587.1,,
Eleocharis quinqueflora,U49229.1,JN893900.1,GU977095.1,,
Eleocharis robbinsii,,,AF190588.1,,
Eleocharis rostellata,AM999828.1,,AF190598.1,,
Eleocharis tenuis,,,GU110929.1,,
Eleocharis wolfii,,,,,
Ellisia nyctelea,,,AF091157.1,,
Elodea canadensis,DQ859167.1,,AY330704.1,JF703284.1,
Elodea nuttallii,KM360763.1,AB002568.1,EF526378.1,JF703282.1,
Elymus canadensis,HM770840.1,HM770807.1,KJ526335.1,EU119363.1,
Elymus hystrix,JN382040.1,HM352813.1,EF396973.1,EF396985.1,
Elymus riparius,,,,,
Elymus trachycaulus,Z49839.1,DQ786910.1,FJ040168.1,,
Elymus villosus,,,,,
Elymus virginicus,KC237165.1,HM352812.1,FJ040171.1,,
Endodeca serpentaria,,,,,
Enemion biternatum,EU053911.1,KC290047.1,U75660.1,,
Epifagus virginiana,HQ197812.1,AF051982.1,KC480332.1,,
Epigaea repens,U49284.1,U61319.2,U48611.1,,
Epilobium ciliatum,KF997326.1,KM212071.1,L28015.1,AY264508.1,
Epilobium coloratum,HQ590077.1,,,,
Epilobium leptophyllum,,KJ840911.1,,,
Epilobium palustre,JF941485.1,KC474709.1,JF976303.1,,
Epilobium strictum,,,,,
Equisetum arvense,KM218345.1,,Y11471.1,AY226125.1,
Equisetum fluviatile,AY226142.1,KF997291.1,,AY226121.1,
Equisetum hyemale,DQ646001.1,HF585136.1,EU328339.1,AY226110.1,
Equisetum laevigatum,AY226130.1,,EU328341.1,AY226112.1,
Equisetum palustre,AY226138.1,AM883541.1,,AY226123.1,
Equisetum scirpoides,AY226133.1,AM883552.1,EU372663.1,AY226116.1,
Equisetum sylvaticum,AY226136.1,AM883553.1,EU328342.1,AY226120.1,
Equisetum variegatum,AB574691.1,,EU328340.1,AY226117.1,
Equisetum x,,,,,
Eragrostis capillaris,,,,,
Eragrostis frankii,,,,,
Eragrostis hypnoides,KJ773479.1,KJ772755.1,,,
Eragrostis pectinacea,HQ590087.1,HF558504.1,GU359301.1,EF156696.1,
Eragrostis spectabilis,HE577858.1,HE577884.1,,,
Erigenia bulbosa,KF613108.1,,AF009115.1,,
Erigeron annuus,AB851488.1,HM989796.1,EF107653.1,JN315900.1,
Erigeron canadensis,KM360730.1,KJ204460.1,EF108397.1,JQ041864.1,
Erigeron divaricatus,,,,,
Erigeron philadelphicus,JX848412.1,HQ593287.1,AF046989.1,,
Erigeron pulchellus,,,AF118500.1,,
Erigeron strigosus,EU676921.1,HQ593288.1,JF937689.1,,
Eriocaulon aquaticum,AF036877.1,AY952430.1,,DQ189021.1,
Eriophorum angustifolium,JX644681.1,KJ513597.1,JX644875.1,DQ999003.1,
Eriophorum gracile,AB369970.1,KJ513604.1,JX644877.1,AB679912.1,
Eriophorum vaginatum,AB369971.1,KJ513615.1,JX566737.1,AY757692.1,
Eriophorum virginicum,,KJ513617.1,,,
Eriophorum viridicarinatum,U49230.1,KJ513618.1,,,
Eryngium yuccifolium,KJ773491.1,KJ772769.1,EU070736.1,,
Erysimum capitatum,AY167980.1,,AY254534.1,,
Erythronium albidum,,AF485318.1,AF485301.1,,
Erythronium americanum,HQ590093.1,AF485319.1,AF485304.1,,
Euonymus atropurpureus,,,,,
Euonymus obovatus,,,,,
Eupatorium altissimum,,,DQ236178.1,,
Eupatorium perfoliatum,EU676925.1,EU749317.1,DQ415741.1,,
Eupatorium serotinum,KJ773500.1,KJ772776.1,FJ395157.1,GU818001.1,
Eupatorium sessilifolium,,,FJ395153.1,,
Euphorbia commutata,,,KC212207.1,,
Euphorbia corollata,,,JQ750900.1,,
Euphorbia obtusata,,,,,
Eurybia furcata,,,EU200195.1,GU480696.1,
Eurybia macrophylla,KJ593404.1,KJ592941.1,EU625608.1,,
Eurybia schreberi,,,EU625656.1,GU480708.1,
Euthamia caroliniana,KJ773503.1,KJ772780.1,AF477653.1,,
Euthamia graminifolia,KJ773504.1,KJ592944.1,HQ142624.1,HQ142504.1,
Euthamia gymnospermoides,,,,,
Eutrochium fistulosum,,,FJ395158.1,,
Eutrochium maculatum,HQ416171.1,EU337048.1,AF177798.1,,
Eutrochium purpureum,KF724260.1,,FJ395159.1,,
Fagus grandifolia,L13338.1,AY042401.1,AY232926.1,EF138802.1,
Fallopia cilinodis,KJ593412.1,KM212073.1,AF186604.1,,
Fallopia scandens,EF653759.1,EF653708.1,AF040069.1,EF653785.1,
Festuca paradoxa,,,,,
Festuca saximontana,,,EF584969.1,EF593002.1,
Festuca subverticillata,KJ841325.1,DQ786912.1,EF584974.1,EF593006.1,
Filipendula rubra,,,,,
Fimbristylis autumnalis,JX644686.1,KJ772787.1,JX644880.1,JX644780.1,
Fimbristylis puberula,KJ773513.1,KJ772790.1,,,
Floerkea proserpinacoides,L12679.2,EU002178.1,FJ895968.1,,
Fragaria vesca,JX118090.1,JX118242.1,AF163480.1,AF348545.1,
Fragaria virginiana,JX118094.1,JX118246.1,AF163513.1,AJ512220.1,
Frasera caroliniensis,KF613045.1,,,KF317117.1,
Fraxinus americana,KJ773520.1,JN590993.1,JX862625.1,AF231825.1,
Fraxinus nigra,KJ841332.1,HQ593300.1,EU314868.1,EU284158.1,
Fraxinus pennsylvanica,KJ773522.1,HQ593301.1,EU314876.1,EU284159.1,
Fraxinus profunda,,HM171508.1,HQ705277.1,,
Fraxinus quadrangulata,,HM171523.1,EU314882.1,AF231833.1,
Froelichia floridana,AF132089.1,AY514799.1,AY174381.1,EF688751.1,
Fuirena pumila,KJ773523.1,KJ772800.1,,,
Galearis spectabilis,AY381121.1,,,,
Galium aparine,DQ006124.1,HQ384560.1,AF419179.1,GU357174.1,
Galium asprellum,KJ593429.1,KJ592965.1,,,
Galium boreale,JX848534.1,HQ593306.1,,GU357105.1,
Galium brevipes,,,,,
Galium circaezans,,,,GU357098.1,
Galium concinnum,KF613049.1,,,,
Galium labradoricum,,,,,
Galium lanceolatum,HQ590110.1,HQ593307.1,,,
Galium obtusum,,,,HM055874.1,
Galium pilosum,KJ773531.1,KJ772809.1,,GU357070.1,
Galium tinctorium,KJ773532.1,KJ772810.1,,GU357121.1,
Galium trifidum,,,,GU357120.1,
Galium triflorum,KJ841344.1,KJ592970.1,,GU357176.1,
Gaultheria hispidula,AF366597.1,AF366634.1,AF358887.1,JF801638.1,
Gaultheria procumbens,AF366605.1,AF366643.1,AF358895.1,JF801637.1,
Gaura biennis,,,,,
Gaura longiflora,,,,,
Gaylussacia baccata,,KJ840922.1,FJ985196.1,AF271701.1,
Gentiana alba,,,,,
Gentiana andrewsii,HQ590117.1,HQ593311.1,,,
Gentiana puberulenta,,,,,
Gentiana saponaria,,,,,
Gentianella quinquefolia,KF496035.1,KF496072.1,EU812469.1,EU834123.1,
Gentianopsis crinita,KF613047.1,AJ406345.1,AJ294631.1,,
Gentianopsis virgata,,,,,
Geranium bicknellii,,,,DQ452925.1,
Geranium carolinianum,EU922209.1,EU922172.1,JF976464.1,,
Geranium maculatum,,,,,
Geranium robertianum,JX913523.1,JN895998.1,DQ525071.1,,
Geum aleppicum,JX848524.1,HQ593312.1,KC004039.1,,
Geum canadense,DQ006121.1,HQ593313.1,DQ006033.1,,
Geum laciniatum,,,,,
Geum rivale,KM360804.1,JN895978.1,AJ302352.1,,
Geum triflorum,JX848525.1,,AJ302344.1,,
Geum vernum,,,AJ302355.1,,
Geum virginianum,,,,,
Gleditsia triacanthos,Z70129.1,EU361958.1,AF509979.1,AF430775.1,
Glyceria borealis,,,L36515.1,,
Glyceria canadensis,KF724332.1,KJ840924.1,FJ032205.1,,
Glyceria grandis,AY632364.1,HQ593315.1,JN832695.1,,
Glyceria septentrionalis,KM212126.1,KM212076.1,EU769508.1,,
Glyceria striata,HQ590126.1,HQ593317.1,JN832694.1,EU119366.1,
Goodyera pubescens,FJ571329.1,AJ543954.1,FJ473326.1,FJ571279.1,
Gratiola aurea,EF529725.1,,EF526401.1,,
Gratiola neglecta,DQ006125.1,HQ235330.1,DQ006040.1,AY727238.1,
Gratiola quartermaniae,,,,,
Gratiola virginiana,HQ235614.1,HQ235329.1,,AY727236.1,
Gymnocarpium dryopteris,U05925.1,JX874019.1,,HQ676528.1,
Gymnocladus dioicus,U74193.1,EU361966.1,AF510032.1,AF430776.1,
Hackelia virginiana,,KF287806.1,KF287976.1,KF288060.1,
Hamamelis virginiana,DQ352368.1,AF013046.1,GU576667.1,DQ352196.1,
Hedeoma hispida,,,,,
Hedeoma pulegioides,KM212129.1,KM212078.1,,,
Helenium autumnale,GU817764.1,GU817467.1,GU818553.1,GU818007.1,
Helianthemum bicknellii,,,,,
Helianthemum canadense,,,,,
Helianthus decapetalus,,,JX121508.1,,
Helianthus divaricatus,,,JX121511.1,,
Helianthus giganteus,,,JX121516.1,AY009484.1,
Helianthus grosseserratus,,,AF047951.1,,
Helianthus hirsutus,KJ773554.1,KJ772830.1,AF047963.1,,
Helianthus mollis,KF613042.1,,AF047946.1,,
Helianthus occidentalis,,,JX121530.1,,
Helianthus pauciflorus,JX848416.1,,JX121534.1,,
Helianthus strumosus,,,JX121566.1,,
Helianthus subrhomboideus,,,,,
Helianthus tuberosus,GU817765.1,AY009464.1,AF047953.1,GU818008.1,
Helianthus x,,,,,
Heliopsis helianthoides,,,AY094170.1,,
Hepatica acutiloba,AM267300.1,DQ994677.1,,AM268056.1,
Hepatica americana,EU053901.1,AF542590.1,AY055386.1,,
Heracleum maximum,KJ157512.1,U58564.1,KJ157633.1,KJ157726.1,
Heserostipa spartea,,,,,
Heteranthera dubia,U41581.1,,,,
Heuchera americana,AM183434.1,,AF158954.1,,
Heuchera richardsonii,JX848537.1,,,,
Hibiscus laevis,,,AY341387.1,,
Hibiscus moscheutos,KJ773562.1,KJ772836.1,AY341393.1,,
Hieracium gronovii,KJ773563.1,KJ772837.1,HQ161948.1,DQ460871.1,
Hieracium longipilum,,,HQ161949.1,DQ460874.1,
Hieracium paniculatum,KM212130.1,KM212079.1,HQ161947.1,,
Hieracium scabrum,KM212131.1,KM212080.1,HQ131825.1,DQ460872.1,
Hieracium umbellatum,JQ933362.1,AJ633195.1,KM372116.1,KF196063.1,
Hierochloe odorata,JX848487.1,EF137503.1,KF713240.1,EF137605.1,
Hippuris vulgaris,KM360818.1,JN895316.1,AY492098.1,AY492178.1,
Houstonia caerulea,AJ288604.1,,DQ012776.1,EU543109.1,
Houstonia longifolia,EU542954.1,,DQ012801.1,EU642536.1,
Hudsonia tomentosa,FJ492019.1,,,FJ491991.1,
Humulus lupulus,AF206777.1,AY257528.1,KC332217.1,AF501599.1,
Huperzia lucidula,HQ590135.1,,KF977440.1,,
Huperzia porophila,,,,,
Hybanthus concolor,KC699582.1,GQ262548.1,AF097218.1,GQ262538.1,
Hydrangea arborescens,AF323186.1,GU217285.1,DQ006012.1,JF321184.1,
Hydrastis canadensis,L75849.2,AB069849.1,,EF437112.1,
Hydrocotyle umbellata,KJ773566.1,KJ772840.1,,,
Hydrophyllum appendiculatum,,,,,
Hydrophyllum canadense,KF158109.1,EU599649.1,,KC542481.1,
Hydrophyllum virginianum,L01927.2,HQ593327.1,,,
Hymenopappus scabiosaeus,KJ773568.1,,,,
Hypericum adpressum,,,AY555865.2,,
Hypericum ascyron,JF941966.1,JF954074.1,JN984874.1,KC709021.1,
Hypericum boreale,,,AY573026.1,KC709074.1,
Hypericum canadense,,,KC709434.1,KC709139.1,
Hypericum fraseri,JX664051.1,HQ331688.1,KC709442.1,KC709146.1,
Hypericum gentianoides,KJ773572.1,,KC709408.1,KC709110.1,
Hypericum gymnanthum,HM850062.1,,,,
Hypericum kalmianum,JX664052.1,JX661946.1,FJ694209.1,,
Hypericum majus,,,KC709350.1,KC709049.1,
Hypericum mutilum,HM850065.1,HQ331629.1,DQ006013.1,KC709093.1,
Hypericum prolificum,,,FJ694217.1,KC709108.1,
Hypericum punctatum,HQ590140.1,,AY555844.1,,
Hypericum sphaerocarpum,,,AY555878.2,,
Hypericum virginicum,AF518399.1,,,,
Hypoxis hirsuta,,,,HM459538.1,
Ilex verticillata,AJ492717.1,KM212084.1,,AJ492594.1,
Iliamna remota,,,AF271195.1,,
Impatiens capensis,Z83142.1,AJ429280.1,AY712664.1,AF396206.1,
Impatiens pallida,KM212138.1,KM212085.1,,,
Iodanthus pinnatifidus,,,GQ424539.1,,
Ionactis linariifolius,,,,,
Ipomoea pandurata,KJ773596.1,KJ772864.1,AF110930.1,,
Iris virginica,HQ182432.1,KC118951.1,KC118907.1,EU939520.1,
Isanthus brachiatus,,,EF508065.1,,
Isoetes butleri,DQ480000.1,,DQ479974.1,,
Isoetes melanopoda,L11054.1,,DQ284996.1,,
Isotria medeoloides,AY381123.1,,,,
Isotria verticillata,EU498135.1,,EU498160.1,EU498226.1,
Jeffersonia diphylla,L75867.2,AB069835.1,,FJ626557.1,
Juglans cinerea,KF418919.1,AF118029.1,AF303813.1,AF303786.1,
Juglans nigra,AF206785.1,AF118036.1,AF338492.1,AF303783.1,
Juncus acuminatus,KJ773602.1,,,,
Juncus alpinoarticulatus,KF997465.1,,AY727822.1,AY437960.1,
Juncus anthelatus,,,,,
Juncus articulatus,KM360834.1,KP083050.1,AY727819.1,AY437961.1,
Juncus balticus,KF997299.1,,AY727805.1,AY437973.1,
Juncus brachycarpus,,,,,
Juncus brachycephalus,,,AY727824.1,,
Juncus bufonius,HM850085.1,JN894885.1,AY727789.1,AY437965.1,
Juncus canadensis,KF724343.1,,AY727814.1,,
Juncus diffusissimus,KJ773603.1,,AY727826.1,,
Juncus dudleyi,HQ590144.1,,AY727801.1,,
Juncus effusus,L12681.1,HQ180871.1,FJ980286.1,AY437976.1,
Juncus greenei,,,,,
Juncus interior,,,AY727798.1,,
Juncus marginatus,,KJ772871.1,,,
Juncus militaris,,,,,
Juncus nodatus,,,,,
Juncus nodosus,,,AY727817.1,,
Juncus pelocarpus,,,AY727811.1,,
Juncus scirpoides,,KJ772875.1,AY727821.1,,
Juncus tenuis,HM850091.1,KJ204494.1,JQ811752.1,,
Juncus torreyi,HQ590148.1,,,,
Juncus vaseyi,,,,,
Juniperus communis,JQ512555.1,HM024019.1,EU277677.1,HM024559.1,
Juniperus horizontalis,HM024310.1,HM024032.1,,HM024572.1,
Juniperus virginiana,AF119182.1,HM024065.1,AF174627.1,HM024605.1,
Justicia americana,L14401.1,HQ384510.1,DQ005959.1,HQ412935.1,
Kalmia angustifolia,AF419826.1,U61348.2,U48599.1,AB247964.1,
Koeleria macrantha,JX848501.1,LN554439.1,DQ336826.1,DQ336846.1,
Krigia biflora,KF613086.1,,L13948.1,,
Krigia virginica,KJ773608.1,KJ772878.1,L20479.1,,
Lactuca biennis,KJ593492.1,KJ593002.1,KP828828.1,,
Lactuca canadensis,GU817771.1,EU749319.1,GU818575.1,GU818025.1,
Lactuca floridana,KJ773612.1,KJ772883.1,KP828827.1,,
Lactuca hirsuta,,,HQ172901.1,,
Lactuca ludoviciana,,,,,
Laportea canadensis,AF500356.1,AY257537.1,DQ006042.1,KF971221.1,
Larix laricina,GU457448.1,AF295029.1,AF041348.1,KJ415088.1,
Lathyrus japonicus,HM850107.1,JX505800.1,AY839361.1,JX505669.1,
Lathyrus ochroleucus,JX848462.1,JX505806.1,JX506110.1,,
Lathyrus palustris,HM029366.1,HM026396.1,AY839381.1,AY839448.1,
Lathyrus venosus,JX505484.1,JX505823.1,JX506154.1,JX505705.1,
Lechea intermedia,KF724288.1,,,,
Lechea minor,KJ773617.1,,,,
Lechea mucronata,KJ773618.1,,,,
Lechea pulchella,KJ773619.1,,,,
Lechea racemulosa,,,,,
Lechea stricta,,,,,
Lechea tenuifolia,,,,,
Leersia lenticularis,,,,,
Leersia oryzoides,FN870396.1,FN908060.1,AF169236.1,,
Leersia virginica,HQ590154.1,HQ593339.1,,,
Lemna gibba,AY034235.1,AY034197.1,,AY290848.1,
Lemna minor,AY034234.1,AM920552.1,KJ400889.1,AF521873.1,
Lemna minuta,AY034224.1,AY034186.1,KJ400893.1,,
Lemna obscura,AY034232.1,AY034194.1,,,
Lemna perpusilla,AY034229.1,AY034191.1,KJ400897.1,,
Lemna trisulca,AY034237.1,AY034199.1,KJ400902.1,DQ222863.1,
Lemna turionifera,AY034230.1,AY034192.1,KJ400906.1,,
Lemna valdiviana,AY034225.1,AY034187.1,KJ400908.1,,
Lepidium virginicum,HM850120.1,HM850737.1,AF128109.1,DQ821405.1,
Leptoloma cognatum,,,,,
Lespedeza capitata,KJ773621.1,GU572331.1,JN402409.1,JN402781.1,
Lespedeza hirta,KJ773622.1,GU572341.1,JN402449.1,JN402821.1,
Lespedeza intermedia,EU717278.1,EU717419.1,JN402454.1,EU717304.1,
Lespedeza leptostachya,,GU572347.1,GU572188.1,FJ409473.1,
Lespedeza violacea,,GU572361.1,JN402479.1,JN402851.1,
Lespedeza virginica,KJ773624.1,GU572360.1,JN402483.1,JN402855.1,
Leucospora multifida,,,,,
Liatris aspera,,,HQ416346.1,,
Liatris cylindracea,AY816235.1,,AY804146.1,,
Liatris pycnostachya,,,HQ416378.1,,
Liatris scariosa,,,HQ416379.1,,
Liatris spicata,HQ416177.1,HQ416287.1,HQ416383.1,,
Lilium michiganense,,,AF090966.1,,
Lilium philadelphicum,JX848475.1,AB049510.1,AF090953.1,,
Lindera benzoin,AY337732.1,AJ247169.2,AF272283.1,EF491248.1,
Lindernia dubia,KJ773633.1,FR728411.1,,JQ669047.1,
Linnaea borealis,KM360854.1,AF446911.1,KP297498.1,AF366912.1,
Linum intercursum,,,,,
Linum medium,KJ773635.1,KJ772898.1,,,
Linum striatum,FJ169589.1,FJ160825.1,FJ169554.1,FJ160870.1,
Linum sulcatum,FJ169592.1,,,,
Linum virginianum,,,,,
Liparis lilifolia,AF518046.1,AF263667.1,AY907090.1,EU017494.1,
Liparis loeselii,KM360856.1,HG970139.1,EF079387.1,,
Lipocarpha drummondii,,,,,
Lipocarpha micrantha,KJ773636.1,KJ772899.1,KF150595.1,,
Liriodendron tulipifera,X54346.1,AF123480.1,DQ499099.1,AY145356.1,
Lithospermum canescens,,FJ827261.1,FJ763230.1,FJ763287.1,
Lithospermum croceum,,,,,
Lithospermum incisum,EU599857.1,EU599681.1,FJ763226.1,FJ763283.1,
Lithospermum latifolium,,JF488866.1,FJ763227.1,FJ763284.1,
Lobelia cardinalis,AF042659.1,EU713263.1,AY350630.1,DQ356231.1,
Lobelia inflata,HQ590162.1,KM212087.1,,,
Lobelia kalmii,DQ356166.1,,,EF126736.1,
Lobelia siphilitica,DQ006102.1,,DQ006015.1,,
Lobelia spicata,KF724236.1,,,,
Lonicera canadensis,HQ590165.1,HQ593349.1,,,
Lonicera dioica,EU265571.1,GU168649.1,GU269247.1,,
Lonicera oblongifolia,,,FJ217823.1,,
Lonicera reticulata,AJ420870.1,,,,
Ludwigia alternifolia,KJ773642.1,KJ772906.1,,,
Ludwigia palustris,KC996782.1,KC996808.1,,,
Ludwigia polycarpa,,,,,
Ludwigia sphaerocarpa,,,,,
Lupinus perennis,Z70058.1,,,,
Luzula acuminata,AY216656.1,KJ593013.1,FJ213907.1,AY437947.1,
Luzula multiflora,AJ419945.1,JN895525.1,FJ873793.1,AY344158.1,
Lycopodiella inundata,Y07938.1,,AF338750.1,,
Lycopodium clavatum,Y07936.1,,AF338759.1,KF977454.1,
Lycopus americanus,HQ590170.1,,,,
Lycopus amplectens,,,,,
Lycopus asper,,,,,
Lycopus rubellus,KJ773662.1,KJ772924.1,,,
Lycopus uniflorus,KJ841399.1,,DQ667302.1,DQ667488.1,
Lycopus virginicus,KJ773663.1,KJ772923.1,,,
Lysimachia ciliata,DQ006120.1,HQ593353.1,DQ006032.1,AY855121.1,
Lysimachia hybrida,,,,,
Lysimachia lanceolata,,,,,
Lysimachia quadriflora,,,,,
Lysimachia quadrifolia,,,AF547734.1,,
Lysimachia terrestris,KJ841402.1,,,,
Lysimachia thyrsiflora,,,AF547725.1,,
Lysimachia x,,,,,
Lythrum alatum,KJ773667.1,KJ772928.1,,,
Maianthemum canadense,HQ590172.1,EU850267.1,EU850029.1,EU850199.1,
Maianthemum racemosum,AY149376.1,EU850269.1,JF977038.1,EU850201.1,
Maianthemum stellatum,JQ273928.1,EU850270.1,EU850032.1,EU850202.1,
Maianthemum trifolium,KC251461.1,EF133711.1,,,
Malaxis monophyllos,KF852724.1,AY907175.1,AY907108.1,,
Malaxis unifolia,,,,,
Malus coronaria,JQ391359.1,JQ391032.1,JQ392449.1,JQ392310.1,
Malus ioensis,JQ391348.1,JQ391034.1,JQ392448.1,JQ392311.1,
Malvastrum hispidum,,,,,
Matteuccia struthiopteris,AB232415.1,JF303936.1,,KC254425.1,
Medeola virginiana,D28158.1,KJ840943.1,,AY699226.1,
Melampyrum lineare,AF026834.1,,,AF482608.1,
Melica mutica,HQ713389.1,HM352811.1,,,
Melica nitens,,,,,
Menispermum canadense,AF190437.1,KC494041.1,L77162.1,JN051771.1,
Mentha arvensis,HQ590183.1,JN896123.1,KC591661.1,DQ667514.1,
Menyanthes trifoliata,KM192096.1,EF173062.1,DQ276850.1,KM191908.1,
Mertensia virginica,EU599837.1,JQ388543.1,JQ388514.1,KF417025.1,
Mikania scandens,KJ773685.1,KJ772944.1,JQ692096.1,,
Milium effusum,HQ600468.1,AM234598.1,KC986378.1,EF137612.1,
Mimulus alatus,,,,,
Mimulus glabratus,,,AY575445.1,AY575538.1,
Mimulus ringens,KM212146.1,KM212090.1,AY575454.1,AY575546.1,
Minuartia michauxii,,,,,
Minuartia patula,,,,,
Mitchella repens,JX412473.1,HQ593366.1,AF072019.1,JX412390.1,
Mitella diphylla,HQ590185.1,AB492649.1,,,
Mitella nuda,HQ590186.1,AB116690.1,JN999326.1,,
Moehringia lateriflora,JN965680.1,FJ404851.1,JX274536.1,FJ405000.1,
Monarda clinopodia,,,AF369190.1,,
Monarda fistulosa,Z37419.1,GU381745.1,DQ667318.1,DQ667506.1,
Monarda punctata,KJ773690.1,KJ772949.1,AF369183.1,,
Monotropa hypopithys,KF997344.1,AF440421.1,KF707563.1,,
Monotropa uniflora,,,AY221084.1,,
Morus rubra,U06812.1,KC539613.1,HQ144183.1,KC539716.1,
Muhlenbergia bushii,,,,,
Muhlenbergia cuspidata,JX848502.1,,HM143055.1,,
Muhlenbergia frondosa,,,,,
Muhlenbergia glabrifloris,,,,,
Muhlenbergia glomerata,,,,,
Muhlenbergia mexicana,KJ841423.1,,HM143091.1,,
Muhlenbergia schreberi,KJ773693.1,JF729130.1,GU359161.1,GQ397956.1,
Muhlenbergia sobolifera,,,HM143118.1,GQ397960.1,
Muhlenbergia sylvatica,,AF312355.1,,,
Muhlenbergia tenuiflora,,,HM143126.1,,
Myosotis laxa,HQ590187.1,AY092865.1,JX128892.1,GQ285262.1,
Myosotis verna,,AY092888.1,AY092936.1,,
Myriophyllum heterophyllum,KJ773696.1,AY335983.1,EF526366.1,HQ605735.1,
Myriophyllum hippuroides,,FJ870939.1,HQ605762.1,HQ605743.1,
Myriophyllum pinnatum,,FJ890498.1,HQ605757.1,,
Myriophyllum sibiricum,L11195.2,EF178980.1,FJ426356.1,,
Myriophyllum verticillatum,GU344678.1,EF178983.1,AF513837.1,,
Nabalus albus,KJ593635.1,KJ593071.1,HQ162006.1,,
Nabalus altissimus,HQ590223.1,HQ593399.1,HQ161972.1,,
Nabalus asperus,,,,,
Nabalus crepidineus,,,HQ161985.1,,
Nabalus racemosus,,,HQ162009.1,,
Najas flexilis,,KM501921.1,KM501775.1,,
Najas guadalupensis,DQ859169.1,HM240466.1,EF526386.1,,
Napaea dioica,,,AJ304940.1,,
Nelumbo lutea,DQ182337.1,EU642710.1,AY858639.1,AY145359.1,
Nemopanthus mucronatus,X69747.1,,AJ275336.1,,
Nothocalais cuspidata,,,AY218966.1,,
Nuphar advena,DQ069501.1,DQ185531.1,AY840211.1,AY145331.1,
Nuphar variegata,M77029.1,AF092979.1,EF526384.1,,
Nuttallanthus canadensis,KJ773632.1,KJ772895.1,AY883085.1,,
Nymphaea odorata,M77034.1,DQ185549.1,EF526395.1,LN590035.1,
Nyssa sylvatica,AF119178.1,GU266599.1,EU734438.1,EU734492.1,
Oenothera biennis,KM218350.1,HQ593370.1,DQ006021.1,AY264553.1,
Oenothera clelandii,,,GU176542.1,GU176574.1,
Oenothera fruticosa,,,AY271581.1,AY264569.1,
Oenothera laciniata,KJ773700.1,KJ772960.1,JX975691.1,AY264549.1,
Oenothera nuttallii,,,DQ075629.1,DQ075659.1,
Oenothera perennis,KJ135372.1,KM212092.1,GU176555.1,GU176587.1,
Oenothera pilosella,KJ135375.1,,KJ135380.1,KJ135361.1,
Oenothera villosa,,,GU176566.1,GU176598.1,
Onoclea sensibilis,JF832076.1,JF303935.1,,,
Onosmodium hispidissimum,,,,,
Ophioglossum pusillum,AY138413.1,,,AY138449.1,
Opuntia humifusa,KJ773703.1,KJ735949.1,KJ735931.1,KJ735940.1,
Opuntia macrorhiza,JF787240.1,JF786802.1,JF786960.1,JF712775.1,
Orbexilum onobrychis,,EF549965.1,EF517868.1,EF543378.1,
Orbexilum pedunculatum,KJ773706.1,EF549950.1,EF517903.1,EF543363.1,
Orobanche fasciculata,U73970.2,AF051994.1,KC480371.1,,
Orobanche uniflora,AY582180.1,AF051996.1,AY209297.1,,
Orthilia secunda,KC483218.1,JN966389.1,KF963969.1,FJ357291.1,
Oryzopsis asperifolia,HQ590193.1,HQ593373.1,GU254653.1,GU192007.1,
Oryzopsis pungens,,JF697831.1,JF697730.1,JF697781.1,
Oryzopsis racemosa,KJ841447.1,,EU194778.1,EU200914.1,
Osmorhiza claytonii,KJ157527.1,HQ593374.1,AF453969.1,AF432009.1,
Osmorhiza longistylis,DQ829737.1,JF954817.1,DQ005965.1,AF432015.1,
Osmunda cinnamomea,EF588755.1,EU223823.1,,EF588820.1,
Osmunda claytoniana,EF588744.1,,,EF588810.1,
Osmunda spectabilis,,,,,
Ostrya virginiana,X56620.1,AY212009.1,FJ011758.1,AY211425.1,
Oxalis stricta,KC481641.1,AY935936.1,EU436869.1,EU437035.1,
Oxalis violacea,EF590553.1,,JN618570.1,JN639588.1,
Oxypolis rigidior,,,EF647802.1,,
Packera aurea,KJ841440.1,KJ840955.1,AF459959.1,KF584254.1,
Packera obovata,,,KJ418346.1,,
Packera paupercula,JN965703.1,JN966397.1,KJ418343.1,,
Packera plattensis,,,KJ418342.1,,
Packera pseudaurea,,,AF161630.1,,
Panax quinquefolius,U50250.1,AB088001.1,FJ606755.1,AY393751.1,
Panax trifolius,GU054606.1,KM210137.1,HQ112446.1,GU055176.1,
Panicum capillare,AM849355.1,AF164423.1,AY129700.1,JQ041847.1,
Panicum dichotomiflorum,KJ773713.1,HF558513.1,AY129706.1,,
Panicum flexile,HQ713390.1,,,,
Panicum gattingeri,,,,,
Panicum philadelphicum,,,,,
Panicum verrucosum,HE573423.1,HE574115.1,,,
Panicum virgatum,EF125135.1,FR821331.1,AY129730.1,EU434102.1,
Parietaria pensylvanica,AF500357.1,,,AF501611.1,
Parnassia glauca,AY935729.1,AY935908.1,EU328691.1,AY935763.1,
Paronychia canadensis,DQ006082.1,JN589279.1,DQ005995.1,JN589720.1,
Paronychia fastigiata,,,AJ310962.1,,
Parthenium integrifolium,,,,,
Parthenocissus inserta,KM360918.1,HQ593380.1,,AB235035.1,
Parthenocissus quinquefolia,AJ402985.1,JQ844151.1,,JX144435.1,
Paspalum setaceum,KJ773725.1,KJ772984.1,,EU627501.1,
Pedicularis canadensis,KM212149.1,HG423909.2,KC480378.1,,
Pedicularis lanceolata,,HG423968.1,KJ735498.1,,
Pellaea glabella,KF186507.1,,,DQ914185.1,
Peltandra virginica,AM905815.1,EU886583.1,,AY054707.1,
Penstemon calycosus,,,,,
Penstemon digitalis,HQ590202.1,,DQ531083.1,,
Penstemon hirsutus,,,DQ531111.1,,
Penstemon pallidus,,,DQ531141.1,,
Penthorum sedoides,L11197.2,EF179063.1,DQ005998.1,,
Perideridia americana,,,JQ652471.1,,
Persicaria amphibia,KM360922.1,KC342453.1,JN235087.1,EF653803.1,
Persicaria arifolia,EF653770.1,EF653718.1,EF653693.1,EF653796.1,
Persicaria careyi,,EU196926.1,EU196873.1,EU197012.1,
Persicaria hydropiper,EF653780.1,HM357924.1,JN235083.1,HQ843164.1,
Persicaria hydropiperoides,HM850244.1,HM851075.1,EU196884.1,EU197023.1,
Persicaria lapathifolia,FM883630.1,HM357925.1,FJ503013.1,HQ843157.1,
Persicaria pensylvanica,FM883637.1,KJ840961.1,FJ154475.1,EF653808.1,
Persicaria punctata,AF297143.1,KJ773037.1,EU196911.1,EF653809.1,
Persicaria sagittata,AF297141.1,KJ840962.1,DQ006031.1,EF653799.1,
Persicaria virginiana,AF297135.1,EF438019.1,EU410358.1,EF653801.1,
Phegopteris connectilis,KF186501.1,JF303932.1,,HQ676531.1,
Phegopteris hexagonoptera,EF463278.1,,,,
Phemeranthus rugospermum,,,,,
Phlox biflda,,,,,
Phlox divaricata,DQ006116.1,,DQ006029.1,EF433281.1,
Phlox glaberrima,,EU628515.1,AF167189.1,EU628454.1,
Phlox maculata,,,AF167193.1,,
Phlox pilosa,,,AF167243.1,EF433257.1,
Phragmites australis,KF537347.1,KP056987.1,KP057065.1,KC989616.1,
Phryma leptostachya,AF190439.1,AJ429341.1,DQ533822.1,DQ532485.1,
Phyla lanceolata,AF206810.1,HM853861.1,,HM216659.1,
Physalis heterophylla,HQ590207.1,HQ593385.1,AY665907.1,EU581043.1,
Physalis pumila,,,AY665909.1,,
Physalis subglabrata,,EU128756.1,,,
Physalis virginiana,,,AY665911.1,,
Physocarpus opulifolius,KM360932.1,HQ235318.1,JQ776896.1,JQ034191.1,
Physostegia virginiana,L14405.1,HQ911437.1,,EF546883.1,
Phytolacca americana,M62567.1,JQ844139.1,FJ980404.1,,
Pilea fontana,HQ590208.1,,,,
Pilea pumila,U00438.1,KF138046.1,KF137904.1,KF138388.1,
Pinus banksiana,EF440595.1,EF440517.1,,AB081125.1,
Pinus resinosa,AY497252.1,AB080945.1,AF037002.1,AB081122.1,
Pinus strobus,JQ512591.1,AY497255.1,AY430064.1,JN040954.1,
Piptochaetium avenaceum,KJ773751.1,FN434241.1,GU254615.1,GU254981.1,
Plantago aristata,KJ773756.1,KJ773013.1,AY101911.1,AY101963.1,
Plantago cordata,,,,,
Plantago rugelii,AJ389597.1,DQ317070.1,AY101863.1,AY101919.1,
Plantago virginica,KJ773757.1,KJ773014.1,,,
Platanthera blephariglottis,KJ773758.1,,,,
Platanthera ciliaris,AF074215.1,AF263678.1,,,
Platanthera clavellata,,,,,
Platanthera dilatata,,,EF025527.1,,
Platanthera flava,,,,,
Platanthera hookeri,,,,,
Platanthera huronensis,KJ841476.1,KJ840966.1,JN999296.1,,
Platanthera lacera,,,,,
Platanthera leucophaea,,,,,
Platanthera orbiculata,,,,,
Platanthera psycodes,,,,,
Platanus occidentalis,AF081073.1,EU642711.1,AY706033.1,AY145358.1,
Poa alsodes,HQ590210.1,HQ593386.1,EU792374.1,DQ353981.1,
Poa languida,,,,,
Poa paludigena,,,,,
Poa palustris,KJ841480.1,FN668472.1,EU792396.1,AY589137.1,
Poa sylvestris,,,EU792375.1,DQ353980.1,
Poa wolfli,,,,,
Podophyllum peltatum,AF093716.1,AB069843.1,AF328964.1,KC523390.1,
Pogonia ophioglossoides,EU498136.1,AJ310055.1,EU498161.1,EU498225.1,
Polanisia dodecandra,AY167984.1,AY483234.1,KF923187.1,,
Polemonium reptans,L11687.1,,DQ320805.1,,
Polygala cruciata,L01945.2,,GQ888946.1,AM234317.1,
Polygala incarnata,KJ773767.1,,GQ888970.1,GQ888832.1,
Polygala polygama,KJ773772.1,KJ773028.1,KF981794.1,GQ888850.1,
Polygala sanguinea,KF724314.1,,GQ889012.1,GQ888856.1,
Polygala senega,AM234189.1,EU604034.1,GQ889016.1,AF366992.1,
Polygala verticillata,,,GQ889039.1,GQ888869.1,
Polygaloides paucifolia,,,,,
Polygonatum biflorum,KJ745628.1,KJ745725.1,U23988.1,,
Polygonatum pubescens,KJ745534.1,KJ745722.1,,KF977457.1,
Polygonella articulata,EF653760.1,EF653709.1,EF653683.1,EF653786.1,
Polygonum achoreum,,,GQ339956.1,,
Polygonum buxiforme,,,GQ339989.1,,
Polygonum erectum,AF297128.1,GQ206203.1,GQ206260.1,,
Polygonum ramosissimum,,,GQ340038.1,,
Polygonum tenue,,,,,
Polymnia canadensis,GU817781.1,AY215847.1,AF465876.1,GU818051.1,
Polypodium virginianum,KF186527.1,,,,
Polystichum acrostichoides,AF537235.1,,,EF177286.1,
Polytaenia nuttallii,,KF620098.1,KF619728.1,,
Pontederia cordata,U41594.1,AF434872.1,,AJ387743.1,
Populus balsamifera,AJ418826.1,KF940865.1,JN999403.1,JN873532.1,
Populus deltoides,AF133677.1,KF940868.1,EF060365.1,AY757053.1,
Populus grandidentata,KF940810.1,KF940870.1,,,
Populus heterophylla,,,,,
Populus tremuloides,AF206812.1,KF940885.1,,AY757054.1,
Populus x,,,,,
Potamogeton amplifolius,L08765.1,,EF526406.1,DQ786424.1,
Potamogeton berchtoldii,FJ956852.1,JN894618.1,GQ247414.1,AY714274.1,
Potamogeton diversifolius,KJ773785.1,AF542579.1,FJ151205.1,DQ786427.1,
Potamogeton epihydrus,,,FJ151207.1,,
Potamogeton foliosus,FJ956851.1,,GQ247412.1,AY714282.1,
Potamogeton friesii,JN891792.1,JN894784.1,KF270908.1,,
Potamogeton gramineus,AB196943.1,,HQ167657.1,EF432100.1,
Potamogeton illinoensis,,,,DQ786432.1,
Potamogeton natans,AB196946.1,JN894670.1,EF526387.1,AB744018.1,
Potamogeton nodosus,HM850281.1,HM851047.1,HQ167660.1,DQ786435.1,
Potamogeton praelongus,AB196952.1,,HQ167662.1,EF432082.1,
Potamogeton pulcher,,,EF526400.1,,
Potamogeton pusillus,HM850283.1,JN894666.1,KF270914.1,AY714278.1,
Potamogeton richardsonii,U03730.1,JN966453.1,EU596954.1,DQ786441.1,
Potamogeton robbinsii,U80725.1,,EF526390.1,DQ786442.1,
Potamogeton strictifolius,,,KF270917.1,DQ786444.1,
Potamogeton vaseyi,,,GQ247437.1,,
Potamogeton x,,,,,
Potamogeton zosteriformis,U80726.1,HQ456498.1,EF526408.1,,
Potentilla norvegica,JX848530.1,KM212096.1,U90790.1,FN561730.1,
Potentilla pensylvanica,JX848531.1,EU025932.1,JN999417.1,FN556416.1,
Potentilla simplex,,,,GQ384717.1,
Potentilla tridentata,KM212156.1,KM212100.1,U90791.1,AJ512236.1,
Proserpinaca palustris,KJ773786.1,EF179061.1,EF178787.1,,
Prunella vulgaris,KM360941.1,FJ395426.1,JQ669130.1,DQ667508.1,
Prunus americana,EF513120.1,HQ235073.1,AF179489.1,JQ034185.1,
Prunus nigra,EF513121.1,HQ235343.1,AF179491.1,EU606181.1,
Prunus pensylvanica,KP769012.1,HQ235221.1,EU669090.1,HQ244089.1,
Prunus pumila,HQ235526.1,HQ235245.1,AF318732.1,AF318685.1,
Prunus serotina,DQ006123.1,HQ593401.1,HM453949.1,JX414453.1,
Prunus virginiana,HQ590227.1,AY257534.1,EU669101.1,AF348561.1,
Pseudognaphalium macounii,,,JQ895523.1,,
Pseudognaphalium obtusifolium,KJ773793.1,KJ773046.1,JX524595.1,,
Psoralidium tenuiflorum,,EF549987.1,EF517890.1,EF543400.1,
Ptelea trifoliata,KJ773794.1,FJ716736.1,DQ225792.1,EU853813.1,
Pteridium aquilinum,AB917063.1,EU223824.1,,AY300044.1,
Pycnanthemum muticum,,AY943529.1,AY943494.1,,
Pycnanthemum tenuifolium,,GU381750.1,GU381423.1,GU381589.1,
Pycnanthemum verticillatum,,,,,
Pycnanthemum virginianum,,,DQ667319.1,DQ667507.1,
Pyrola americana,FJ378555.1,,AF133737.1,FJ378614.1,
Pyrola asarifolia,FJ378552.1,KJ840976.1,KF963970.1,FJ378611.1,
Pyrola chlorantha,FJ378556.1,,KF963971.1,FJ378615.1,
Pyrola elliptica,FJ378550.1,HQ593404.1,AF133740.1,FJ378609.1,
Quercus alba,KF418899.1,EU749360.1,EU646136.1,KF419044.1,
Quercus bicolor,KF418901.1,KF419007.1,,HM770026.1,
Quercus coccinea,,,,,
Quercus ellipsoidalis,LM652996.1,KJ593081.1,,,
Quercus imbricaria,,,,,
Quercus macrocarpa,KP088812.1,EU749362.1,,,
Quercus muhlenbergii,,,,,
Quercus palustris,AB125023.1,AB125040.1,AF098417.1,,
Quercus rubra,M58391.1,FJ185057.1,AF098418.1,FJ490789.1,
Quercus velutina,KJ593653.1,KJ593084.1,EU646142.1,,
Quercus x,,,,,
Ranunculus abortivus,HQ590231.1,AY954126.1,AY680048.1,,
Ranunculus cymbalaria,AY954490.1,AY954237.1,AY680196.1,FJ626544.1,
Ranunculus fascicularis,,FM242786.1,HQ338312.1,,
Ranunculus flabellaris,,,,,
Ranunculus gmelinii,KC483842.1,AY954128.1,AY680063.1,,
Ranunculus hispidus,EU053920.1,HQ338355.1,HQ338319.1,,
Ranunculus longirostris,,,,,
Ranunculus pensylvanicus,KJ841512.1,AY954190.1,AY680147.1,,
Ranunculus recurvatus,HQ590233.1,AY954175.1,AY680118.1,,
Ranunculus rhomboideus,JX848518.1,FM242790.1,,,
Ranunculus sceleratus,AB517148.1,GU257993.1,EF526405.1,DQ410746.1,
Ratibida pinnata,,,U72818.1,,
Rhamnus alnifolia,EU676976.1,EU749367.1,,,
Rhamnus lanceolata,GU271222.1,,,,
Rhexia virginica,U26334.2,KJ773074.1,JQ730136.1,,
Rhododendron groenlandicum,AF419831.1,JN966493.1,JN999452.1,,
Rhus aromatica,,AY594486.1,AY641493.1,AY640447.1,
Rhus copallinum,U00440.1,AY594485.1,AY641483.1,AY640437.1,
Rhus glabra,KF664557.1,,AY641486.1,AY640440.1,
Rhus hirta,GU935441.1,KJ593091.1,AY641492.1,AY640446.1,
Rhus x,,,,,
Rhynchospora alba,AM999856.1,JN894695.1,,AY344174.1,
Rhynchospora capillacea,,,,,
Rhynchospora capitellata,,,,,
Rhynchospora fusca,AM999859.1,,,,
Rhynchospora globularis,KJ773832.1,KJ773086.1,,,
Rhynchospora macrostachya,,,,,
Rhynchospora nitens,KJ773837.1,,,,
Rhynchospora scirpoides,Y13001.1,KC584944.1,GU012394.1,AY344176.1,
Ribes americanum,JX848471.1,HQ593412.1,AF426375.1,,
Ribes cynosbati,HQ590239.1,HQ593413.1,AY138051.1,,
Ribes hirtellum,,,AF426353.1,,
Ribes missouriense,,,AF426348.1,,
Ribes triste,JN965820.1,JN966506.1,AF426319.1,,
Rorippa aquatica,AF020326.1,,,,
Rorippa palustris,KJ841521.1,AF144355.1,KC133366.1,EF426789.1,
Rorippa sessiliflora,,,,,
Rorippa sinuata,,,,AY030269.1,
Rosa acicularis,JN965822.1,HM490025.1,FJ527719.1,DQ778820.1,
Rosa arkansana,JX848532.1,,AJ631862.1,DQ778826.1,
Rosa blanda,HQ590245.1,AB011985.1,DQ242523.1,DQ778882.1,
Rosa carolina,KJ773843.1,AB011983.1,DQ242526.1,DQ778840.1,
Rosa palustris,KJ773844.1,HQ593419.1,AJ631864.1,DQ778877.1,
Rosa setigera,,AB048601.1,,DQ778885.1,
Rosa x,,,,,
Rotala ramosior,AY905417.1,GU228450.1,KF494260.1,AY905485.1,
Rubus allegheniensis,EU676985.1,EU749377.1,KF977442.1,KF977458.1,
Rubus flagellaris,HM850313.1,HM850694.1,AY083373.1,,
Rubus frondosus,,,,,
Rubus hispidus,,,AF055780.1,,
Rubus idaeus,KM360961.1,KM036845.1,KM037411.1,EF055349.1,
Rubus missouricus,,,,,
Rubus occidentalis,EU676994.1,EU749386.1,AF055758.1,EF055333.1,
Rubus odoratus,EU676995.1,KM036728.1,KM037685.1,EF055334.1,
Rubus pensilvanicus,,,AF055784.1,,
Rubus pubescens,KJ593670.1,KJ593095.1,AF055745.1,,
Rubus recurvans,,,,,
Rubus rosa,KF997265.1,JX002960.1,KP093154.1,KJ575193.1,
Rubus setosus,,,AF055788.1,,
Rubus wheeleri,,,,,
Rudbeckia fulgida,,,U72807.1,,
Rudbeckia hirta,AY215173.1,AY215856.1,U72811.1,AY216233.1,
Rudbeckia laciniata,KJ773848.1,KJ773099.1,U72797.1,,
Rudbeckia subtomentosa,,,U72815.1,,
Rudbeckia triloba,HQ590249.1,HQ593422.1,U72814.1,,
Ruellia humilis,,,EF214508.1,AF482604.1,
Ruellia strepens,,,EF214585.1,,
Rumex altissimus,,,,,
Rumex britannica,,,,,
Rumex fueginus,,,,,
Rumex triangulivalvis,JX848512.1,KC475700.1,,,
Rumex verticillatus,KJ773851.1,KJ773103.1,,,
Ruppia cirrhosa,JN113277.1,KF488516.1,KC505606.1,JQ034341.1,
Sabatia angularis,HQ384905.1,HQ384549.1,AJ011467.1,HQ412958.1,
Sabatia campanulata,KJ773855.1,KJ773108.1,,,
Sabatia campestris,,,AY256382.1,AY255696.1,
Sagittaria brevirostra,,,,,
Sagittaria calycina,,,,,
Sagittaria cuneata,,,,,
Sagittaria graminea,JF781057.1,JF781084.1,JF780971.1,,
Sagittaria latifolia,L08767.1,HQ456467.1,JF780975.1,,
Sagittaria rigida,,,,,
Salix amygdaloides,KC415324.1,EU790673.1,EU784080.1,,
Salix bebbiana,KM003349.1,KM002061.1,EF060369.1,,
Salix candida,KM002950.1,KM002085.1,JN999538.1,,
Salix cordata,KM002960.1,EU790691.1,EF060394.1,,
Salix discolor,FJ788568.1,EU790693.1,,,
Salix eriocephala,HE610664.1,EU790694.1,EF060391.1,,
Salix humilis,KJ773862.1,KM002178.1,,,
Salix interior,KC415347.1,DQ875027.1,EU784079.1,,
Salix lucida,FJ788590.1,EU790681.1,EF060382.1,,
Salix myricoides,KM003125.1,KM002260.1,,,
Salix nigra,HQ590257.1,KM002266.1,,,
Salix pedicellaris,KM003141.1,KM002276.1,JN999566.1,,
Salix petiolaris,KM003146.1,KM002281.1,,,
Salix pyrifolia,KM003186.1,KM002321.1,,,
Salix sericea,,EU790699.1,EF060368.1,AY757064.1,
Salix serissima,KM003270.1,KM002405.1,JN999610.1,,
Sambucus nigra,KJ773864.1,EF490241.1,U88204.1,DQ679816.1,
Sambucus racemosa,L14066.1,AF446898.1,U88206.1,DQ679822.1,
Samolus parviflorus,,,HQ284118.1,HQ284053.1,
Sanguinaria canadensis,L01951.2,DQ401350.1,GU983876.1,,
Sanguisorba canadensis,,,AY635034.1,AY634768.1,
Sanicula canadensis,KJ773865.1,KJ773122.1,AF031967.1,,
Sanicula marilandica,,,,,
Sanicula odorata,KJ841552.1,,EU070750.1,,
Sanicula trifoliata,KJ841553.1,,,,
Sarracenia purpurea,,JQ619005.1,DQ084733.1,JF321202.1,
Sassafras albidum,AF206819.1,EU153879.1,AF272335.1,EF491247.1,
Saururus cernuus,L14294.1,DQ882200.1,AF223308.2,AY145343.1,
Saxifraga pensylvanica,,AF114175.1,,LM654475.1,
Scheuchzeria palustris,U03728.1,KJ939690.1,KJ941156.1,DQ786414.1,
Schizachne purpurascens,HQ590262.1,LN554451.1,KF977434.1,KF977446.1,
Schizachyrium scoparium,HE577863.1,HE586094.1,DQ005072.1,EF137584.1,
Schoenoplectus acutus,KJ082089.1,,KC677953.1,AF285064.1,
Schoenoplectus fluviatilis,,,,,
Schoenoplectus hallii,,,,,
Schoenoplectus heterochaetus,,,KC677955.1,KC678012.1,
Schoenoplectus pungens,KF997282.1,,DQ385591.1,KC678019.1,
Schoenoplectus purshianus,,,,,
Schoenoplectus smithii,,,,,
Schoenoplectus subterminalis,,,KC677965.1,KC678021.1,
Schoenoplectus tabernaemontani,AM999867.1,JN895494.1,DQ385592.1,JF313210.1,
Schoenoplectus torreyi,,,KC677966.1,KC678022.1,
Scirpus atrocinctus,EF178579.1,KJ513628.1,,,
Scirpus atrovirens,HQ590264.1,KJ513630.1,,,
Scirpus cyperinus,EF178580.1,KJ513631.1,,,
Scirpus expansus,EF178581.1,KJ513634.1,,,
Scirpus georgianus,EF178583.1,KJ513637.1,,,
Scirpus hattorianus,EF178584.1,KJ513640.1,,,
Scirpus microcarpus,HQ590265.1,KJ513646.1,AF284961.1,AF284859.1,
Scirpus pedicellatus,,KJ513648.1,,,
Scirpus pendulus,EF178585.1,KJ513649.1,,,
Scirpus polyphyllus,,KJ513650.1,,,
Scleria muehlenbergii,,,KF150603.1,,
Scleria pauciflora,,,,,
Scleria reticularis,KJ773872.1,KJ773131.1,AY728806.1,AF285076.1,
Scleria triglomerata,KJ773873.1,KJ773132.1,,,
Scleria verticillata,KJ773874.1,KJ773133.1,,,
Scrophularia lanceolata,KM212155.1,KM212099.1,HQ130080.1,KC692641.1,
Scrophularia marilandica,,,HQ130085.1,,
Scutellaria elliptica,,,,,
Scutellaria galericulata,Z37459.1,JN895418.1,,,
Scutellaria lateriflora,HQ590266.1,HQ593438.1,,,
Scutellaria nervosa,,,,,
Scutellaria ovata,,,,,
Scutellaria parvula,HQ644068.1,,,,
Sedum ternatum,,AF115670.1,,,
Selaginella apoda,L11280.1,,,,
Selaginella rupestris,AF093255.1,,AF419038.1,,
Senecio hieraciifolius,,,,,
Senecio suaveolens,,EF537921.1,EF538222.1,EF538102.1,
Senna hebecarpa,,,,,
Senna marilandica,,,,,
Shepherdia canadensis,U17039.1,KC475874.1,JQ517290.1,,
Sicyos angulatus,AY862554.1,DQ536732.1,DQ005999.1,DQ536777.1,
Silene antirrhina,KJ773896.1,FJ589512.1,DQ908631.1,,
Silene nivea,,,DQ908654.1,,
Silene regia,,,AY116476.1,,
Silene stellata,,FJ589561.1,HQ334912.1,,
Silene virginica,,EF547244.1,AY116479.1,EF407911.1,
Silphium integrifolium,KF613014.1,,AF171969.1,,
Silphium laciniatum,KF613017.1,,U73790.1,,
Silphium perfoliatum,AY215176.1,AY215859.1,U73791.1,AY216236.1,
Silphium terebinthinaceum,,,AF171967.1,,
Sinapis arvensis,HQ590272.1,JN895631.1,DQ249828.1,AY751772.1,
Sisyrinchium albidum,,JN565633.1,JN389237.1,,
Sisyrinchium angustifolium,JQ670565.1,JN565634.1,JN389238.1,JQ670643.1,
Sisyrinchium atlanticum,,JN565635.1,JN389239.1,,
Sisyrinchium campestre,,JN565638.1,JN389242.1,,
Sisyrinchium montanum,JX848472.1,JN565645.1,JN389249.1,,
Sium suave,HQ590276.1,U58580.1,AY548213.1,,
Smallanthus uvedalius,KJ773900.1,,AF465903.1,,
Smilax ecirrhata,,,,,
Smilax hispida,KJ719889.1,KJ719951.1,JQ710991.1,JQ711087.1,
Smilax illinoensis,,,,,
Smilax lasioneuron,GU945055.1,JF461392.1,AY775251.1,GU945069.1,
Smilax rotundifolia,AY465710.1,KJ719949.1,KC511515.1,JQ711095.1,
Solanum americanum,KJ773907.1,JN545023.1,EF108406.1,GU323358.1,
Solidago altissima,EU677019.1,EU749409.1,HQ142590.1,HQ142479.1,
Solidago caesia,EU677020.1,EU749412.1,HQ142581.1,HQ142476.1,
Solidago canadensis,KM360988.1,EU749415.1,HQ142591.1,HQ142479.1,
Solidago flexicaulis,DQ006066.1,EU749417.1,HQ142582.1,HQ142477.1,
Solidago gigantea,HM850369.1,HQ593451.1,HQ142595.1,HQ142484.1,
Solidago glaberrima,,,,,
Solidago hispida,KJ841582.1,,HQ142578.1,HQ142475.1,
Solidago juncea,DQ006068.1,KJ593105.1,HQ142584.1,HQ142490.1,
Solidago nemoralis,EU677028.1,EU749420.1,HQ142596.1,HQ142485.1,
Solidago ohioensis,,,HQ142599.1,HQ142498.1,
Solidago patula,,,HQ142583.1,HQ142489.1,
Solidago ptarmicoides,,,HQ142600.1,HQ142499.1,
Solidago riddellii,,,HQ142602.1,HQ142500.1,
Solidago rigida,JX848426.1,,HQ142603.1,HQ142501.1,
Solidago rigidiuscula,,,,,
Solidago rugosa,EU677029.1,EU749422.1,HQ142588.1,HQ142487.1,
Solidago simplex,DQ006069.1,KC475917.1,HQ142576.1,HQ142473.1,
Solidago speciosa,,,HQ142580.1,HQ142478.1,
Solidago uliginosa,KF613020.1,,HQ142587.1,HQ142492.1,
Solidago ulmifolia,,,HQ142589.1,HQ142488.1,
Sorbus americana,DQ860504.1,DQ860475.1,FJ810037.1,DQ863247.1,
Sorbus decora,KJ841590.1,KJ841018.1,,,
Sorghastrum nutans,EF125121.1,FR821326.1,DQ005080.1,DQ005001.1,
Sparganium americanum,M91633.1,KJ773169.1,KF265365.1,KF265398.1,
Sparganium androcladum,,,KF265366.1,KF265399.1,
Sparganium angustifolium,KC484139.1,JN895154.1,KF265370.1,KF265401.1,
Sparganium eurycarpum,HQ182450.1,HQ180886.1,KF265375.1,JF319445.1,
Sparganium natans,JN966012.1,JN894174.1,KF265385.1,KF265418.1,
Spartina pectinata,AJ784821.1,AF312353.1,KM010351.1,EF137568.1,
Sphenopholis intermedia,KJ841595.1,HG797460.1,DQ539599.1,DQ631466.1,
Sphenopholis nitida,,HG797461.1,,,
Sphenopholis obtusata,KJ773923.1,LN554455.1,,EU119377.1,
Spiraea alba,KJ593695.1,KJ593109.1,DQ897619.1,DQ897588.1,
Spiraea tomentosa,KM212159.1,KM212103.1,,,
Spiranthes cernua,AF074229.1,KM213794.1,KM262293.1,,
Spiranthes lacera,,KM213823.1,KM262310.1,,
Spiranthes lucida,,KM213836.1,KM262319.1,,
Spiranthes magnicamporum,,KM213840.1,AF301440.1,,
Spiranthes ochroleuca,,KM213846.1,KM262328.1,,
Spiranthes ovalis,,KM262264.1,KM262348.1,,
Spiranthes romanzoffiana,FJ571354.1,KM262460.1,AF301441.1,AY363055.1,
Spiranthes tuberosa,,KM262469.1,KM262387.1,,
Spirodela polyrhiza,KM360996.1,KF726299.1,KJ400913.1,AM933296.1,
Sporobolus clandestinus,HQ713391.1,HQ713376.1,KM010390.1,,
Sporobolus cryptandrus,HQ590286.1,HF558529.1,GU359208.1,,
Sporobolus heterolepis,KJ740997.1,AF164429.1,KM010426.1,,
Sporobolus neglectus,,,KM010452.1,,
Sporobolus vaginiflorus,KJ841600.1,HM352809.1,KM010515.1,,
Stachys aspera,,,,KF235710.1,
Stachys hyssopifolia,,,,,
Stachys pilosa,JX848474.1,HQ911559.1,KF529628.1,KF235707.1,
Stachys tenuifolia,,,KF529645.1,KF529952.1,
Staphylea trifolia,AY646111.1,HQ680699.1,,,
Stellaria crassifolia,KC484148.1,JN589163.1,JN589071.1,JN589701.1,
Stellaria longifolia,JX848448.1,JN589213.1,JN589146.1,JN589649.1,
Stellaria pubera,,FJ404878.1,JN589127.1,FJ405027.1,
Stenanthium gramineum,KM242958.1,,AF303729.1,AF303692.1,
Streptopus lanceolatus,D17381.1,HQ593459.1,,KF977459.1,
Strophostyles helvola,,DQ443469.1,AY508760.1,EU717345.1,
Strophostyles leiosperma,,AY509946.1,AY508796.1,,
Stuckenia pectinata,AB196953.1,JN894668.1,EF526376.1,DQ786420.1,
Stylophorum diphyllum,U86633.1,JX087859.1,JX079036.1,AY328252.1,
Styrax americanus,L12623.2,KJ773191.1,AF327473.1,,
Sullivantia sullivantii,,L20130.1,,,
Symphoricarpos albus,L11682.1,AY310459.1,GQ268130.1,GQ305401.1,
Symphoricarpos occidentalis,JX848445.1,GQ284952.1,EU240668.1,GQ305411.1,
Symphyotrichum boreale,JN966028.1,JN966701.1,EU781456.1,,
Symphyotrichum ciliolatum,EU677039.1,EU749429.1,,,
Symphyotrichum cordifolium,DQ673291.1,HQ593460.1,DQ005972.1,,
Symphyotrichum drummondii,,,EU781141.1,,
Symphyotrichum dumosum,KJ773939.1,,JQ360400.1,,
Symphyotrichum ericoides,JX848428.1,EU749432.1,JQ360392.1,,
Symphyotrichum falcatum,JX848429.1,,EF017389.1,,
Symphyotrichum laeve,JX848430.1,,,,
Symphyotrichum lanceolatum,EU677043.1,EU749433.1,,,
Symphyotrichum lateriflorum,EU677047.1,EU749437.1,JQ360401.1,,
Symphyotrichum novae-angliae,GU817740.1,AF151441.1,GU818492.1,GU817970.1,
Symphyotrichum oblongifolium,,,JQ360425.1,,
Symphyotrichum ontarionis,KJ593707.1,KJ593121.1,,,
Symphyotrichum oolentangiense,,,,,
Symphyotrichum parviceps,,,EU781417.1,,
Symphyotrichum pilosum,EU677053.1,EU749444.1,JQ360419.1,,
Symphyotrichum praealtum,,,JQ360407.1,,
Symphyotrichum prenanthoides,,,,,
Symphyotrichum puniceum,HQ590290.1,HQ593461.1,JQ360395.1,,
Symphyotrichum racemosum,,,EU853715.1,,
Symphyotrichum sericeum,,,EU200232.1,,
Symphyotrichum shortii,,,EU781414.1,,
Symphyotrichum urophyllum,EU677055.1,KJ593125.1,EU781139.1,,
Symplocarpus foetidus,L10247.2,AM920551.1,FJ874946.1,AY054741.1,
Taenidia integerrima,,U58583.1,KF619736.1,,
Taxus canadensis,EF660724.1,EF660661.1,EF660601.1,EF660636.1,
Tephrosia virginiana,KJ773946.1,KJ773199.1,,,
Tetraneuris herbacea,,,,,
Teucrium canadense,DQ006101.1,KJ773201.1,EF508063.1,,
Thalictrum dasycarpum,JX258350.1,KJ593127.1,JX233682.1,JX573451.1,
Thalictrum dioicum,JX258354.1,HQ593464.1,JX233686.1,JX573455.1,
Thalictrum revolutum,JX258393.1,,JX233727.1,JX573491.1,
Thalictrum thalictroides,EU053924.1,,JX233748.1,JX573511.1,
Thaspium barbinode,,,AF358526.1,,
Thaspium trifoliatum,KJ773948.1,,U78470.1,,
Thelypteris noveboracensis,KF186531.1,,,,
Thelypteris palustris,U05947.1,JF832292.1,,HQ676538.1,
Thismia americana,,,,,
Thuja occidentalis,JQ512620.1,HM024070.1,EU183435.1,EU183469.1,
Tiarella cordifolia,AM183435.1,HQ593467.1,,,
Tilia americana,AF022127.1,AY321191.1,KF694729.1,,
Tipularia discolor,AF074234.1,AF263685.1,KM598422.1,,
Tomanthera auriculata,AY563938.1,AY563917.1,EU827821.1,EU828140.1,
Torreyochloa pallida,KJ841624.1,DQ786944.1,FJ377672.1,FJ394584.1,
Toxicodendron radicans,U39271.2,AY594491.1,AY677203.1,AY677207.1,
Toxicodendron rydbergii,KF664563.1,,FJ945954.1,FJ946004.1,
Toxicodendron vernix,,AY594495.1,AY641520.1,AY594581.1,
Tradescantia ohiensis,HQ182454.1,HQ180889.1,,KC512074.1,
Tradescantia subaspera,,,,KC512075.1,
Tradescantia virginiana,KF724348.1,,,KC512073.1,
Triantha glutinosa,DQ182340.1,AB541048.1,,AY145337.1,
Trichophorum caespitosum,AB369974.1,KJ513657.1,DQ998951.1,DQ999004.1,
Trichophorum clintonii,Y12982.1,KJ513658.1,,,
Trichostema dichotomum,U28887.1,AF336235.1,EF508066.1,,
Trientalis borealis,HQ590306.1,HQ593472.1,AY855156.1,AY855131.1,
Trifolium reflexum,,,DQ312143.1,,
Triglochin maritima,KM361021.1,AB088782.1,KP174260.1,DQ786415.1,
Triglochin palustris,GQ452334.1,GQ452340.1,KP174267.1,,
Trillium cernuum,KF613056.1,HG475425.1,DQ404193.1,DQ404261.1,
Trillium erectum,AB018838.1,KM242806.1,DQ404196.1,AF303667.1,
Trillium flexipes,KM242969.1,KM242807.1,,HG475392.1,
Trillium grandiflorum,D28164.1,KM242809.1,DQ404195.1,AF303666.1,
Trillium nivale,,,,,
Trillium recurvatum,AB018843.1,KM242815.1,KC170894.1,HG475390.1,
Trillium sessile,AB018847.1,KM242817.1,DQ006019.1,HG475379.1,
Trillium undulatum,AB018848.1,HG475407.1,,HG475383.1,
Triodanis perfoliata,EU713363.1,EU713256.1,,,
Triosteum aurantiacum,GU168609.1,GU168655.1,AF265290.1,GU168715.1,
Triosteum illinoense,,,,,
Triosteum perfoliatum,AF446935.1,AF446905.1,AY236175.1,GU168717.1,
Triphora trianthophora,AF074236.1,AY368433.1,KM598428.1,KM669160.1,
Triplasis purpurea,KJ773960.1,JF729155.1,GU359184.1,,
Tsuga canadensis,JQ512626.1,AF143438.1,EF395468.1,KF977460.1,
Turritis glabra,DQ310542.1,AF144333.1,DQ310526.1,DQ310517.1,
Typha latifolia,DQ069503.1,AB088801.1,KF265390.1,JF319484.1,
Ulmus americana,AF500337.1,KC539607.1,KC539574.1,AF501593.1,
Ulmus rubra,KC539680.1,KC539611.1,KC539578.1,KC539714.1,
Ulmus thomasii,,,,,
Urtica dioica,AF500361.1,GU266610.1,KF558920.1,KF971226.1,
Utricularia cornuta,,,,AF482638.1,
Utricularia geminiscapa,EF529724.1,,EF526399.1,AF482647.1,
Utricularia gibba,L13190.2,,,AF482648.1,
Utricularia intermedia,JN890779.1,AF531839.1,DQ225109.1,AF482651.1,
Utricularia macrorhiza,,AF531835.1,,AF482657.1,
Utricularia minor,KC584902.1,KC584950.1,,GU169706.1,
Utricularia purpurea,,AF531845.1,,,
Utricularia radiata,,,,,
Utricularia resupinata,,,,AF488533.1,
Utricularia subulata,,AF531821.1,,AF482676.1,
Uvularia grandiflora,AB009950.1,KC796931.1,KC899595.1,AJ551377.1,
Uvularia sessilifolia,AB009948.1,AB858267.1,,AJ551378.1,
Vaccinium angustifolium,KJ593742.1,KJ593144.1,,,
Vaccinium corymbosum,KJ773964.1,AF419706.1,AF419778.1,,
Vaccinium macrocarpon,L12625.2,U61316.2,AF382730.1,,
Vaccinium myrtilloides,KJ593745.1,KM212107.1,,,
Vaccinium oxycoccos,JN893514.1,JN895357.1,,,
Vaccinium pallidum,,,AF273710.1,AF271698.1,
Valeriana edulis,AY362485.1,AY362527.1,KF482901.1,AY360127.1,
Valeriana uliginosa,,,,,
Valerianella chenopodifolia,,,,,
Valerianella umbilicata,,DQ354194.1,DQ354174.1,DQ354207.1,
Vallisneria americana,U03726.1,AY870366.1,EF526407.1,,
Veratrum virginicum,KM242935.1,KM242777.1,AF303709.1,AF303679.1,
Verbena bracteata,HQ384875.1,HQ384506.1,FJ867408.1,EF571526.1,
Verbena hastata,HQ590318.1,HQ593485.1,FJ867415.1,EF571531.1,
Verbena simplex,,,,,
Verbena stricta,HQ590319.1,HQ593486.1,EU791336.1,,
Verbena urticifolia,DQ006128.1,HQ593487.1,FJ867416.1,EF571524.1,
Verbena x,,,,,
Verbesina alternifolia,,,,,
Vernonia fasciculata,,,EF155816.1,EF155904.1,
Vernonia gigantea,GU817787.1,KJ773224.1,EF155818.1,GU818102.1,
Vernonia missurica,,,KC603926.1,EF155912.1,
Veronica americana,HQ590321.1,KJ841038.1,,,
Veronica anagallis-aquatica,AY034021.1,JN894700.1,KJ630576.1,KJ630672.1,
Veronica peregrina,HM850451.1,HM851038.1,AF313016.1,AF486402.1,
Veronica scutellata,KJ841653.1,JN894218.1,AF509805.1,AF486393.1,
Veronicastrum virginicum,,AY492168.1,AF313030.1,AF486412.1,
Viburnum acerifolium,L01959.1,AF446897.1,AY265114.1,,
Viburnum lentago,HQ591739.1,AY265182.1,AY265136.1,,
Viburnum nudum,HQ591749.1,AY265186.1,AY265140.1,,
Viburnum opulus,HQ591775.1,AY265199.1,AY265148.1,AF366928.1,
Viburnum prunifolium,HQ591756.1,AY265190.1,DQ005993.1,,
Viburnum raflnesquianum,,,,,
Vicia americana,JX848469.1,JX505835.1,HM470633.1,JX505714.1,
Vicia caroliniana,,JX505847.1,JX506195.1,JX505721.1,
Viola affinis,,,AF097251.1,,
Viola blanda,KC699613.1,HQ593499.1,AF097238.1,JF767191.1,
Viola canadensis,KC699614.1,HQ593500.1,AF097232.1,JF767163.1,
Viola cucullata,HQ590335.1,HQ593502.1,AF097252.1,,
Viola flmbriatula,,,,,
Viola labradorica,HQ590334.1,HQ593501.1,KF977431.1,KF977461.1,
Viola lanceolata,KJ773980.1,KJ773229.1,,JF767189.1,
Viola macloskeyi,HQ590336.1,HQ593503.1,AF097236.1,JF767198.1,
Viola missouriensis,,,,,
Viola nephrophylla,,,,,
Viola palmata,KJ773981.1,KJ773230.1,,,
Viola pedata,,,AF097253.1,JF767204.1,
Viola pedatifida,JX848539.1,,,,
Viola primulifolia,KJ773982.1,KJ773231.1,,JF767196.1,
Viola pubescens,JX664075.1,JX661966.1,DQ006044.1,JF767162.1,
Viola rostrata,HQ590338.1,HQ593505.1,,,
Viola sagittata,,,,JF767206.1,
Viola septentrionalis,,,,,
Viola sororia,HQ590339.1,HQ593506.1,,,
Viola striata,,,AF097247.1,JF767173.1,
Viola subsinuata,,,,,
Vitis aestivalis,L01960.2,AF274635.1,,AB235073.1,
Vitis labrusca,JX507360.1,HE967511.1,,KF591443.1,
Vitis riparia,HE651120.1,AF542593.2,AY037918.1,JX144510.1,
Vitis vulpina,KJ773985.1,KJ773236.1,,JQ182566.1,
Vulpia octoflora,KJ773986.1,KJ773237.1,KF917279.1,EF593016.1,
Wolffia brasiliensis,AY034248.1,AY034210.1,KJ400943.1,,
Wolffia columbiana,AY034255.1,AY034217.1,KJ400946.1,AM933299.1,
Wolffiella gladiata,AY034243.1,AY034205.1,,AY290851.1,
Woodsia obtusa,U05949.1,,,,
Woodwardia areolata,AF425102.1,JF832296.1,,,
Woodwardia virginica,AB040606.1,,,,
Xyris difformis,KF724203.1,,,,
Xyris torta,,,,,
Zannichellia palustris,U03725.1,AB818879.1,EF526374.1,DQ786418.1,
Zanthoxylum americanum,,EF489101.1,HM851470.1,EF489249.1,
Zizania aquatica,FJ908120.1,AF164393.1,AF169231.1,GU177409.1,
Zizia aptera,JX848397.1,,AF358594.1,,
Zizia aurea,,KF620110.1,KF619741.1,,
