Acalypha gracilens,1620167
Acalypha rhomboidea,32204
Acer negundo,4023
Acer nigrum,291207
Acer rubrum,45314
Acer saccharinum,75745
Acer saccharum,4024
Acorus americanus,263995
Actaea pachypoda,64023
Actaea rubra,64024
Adiantum pedatum,29590
Adlumia fungosa,54423
Aesculus glabra,322042
Agalinis aspera,not found
Agalinis gattingeri,546846
Agalinis paupercula,546853
Agalinis purpurea,374692
Agalinis skinneriana,546854
Agalinis tenuifolia,282244
Agastache nepetoides,672814
Agastache scrophulariaefolia,672816
Ageratina altissima,102750
Agrimonia gryposepala,932091
Agrimonia parviflora,32217
Agrimonia pubescens,not found
Agrimonia rostellata,not found
Agrimonia striata,1503866
Agrostis hyemalis,481245
Agrostis perennans,568787
Agrostis scabra,345920
Agrostis stolonifera,63632
Aletris farinosa,167569
Alisma subcordatum,365733
Alisma triviale,365734
Allium burdickii,not found
Allium canadense,472403
Allium cernuum,70754
Allium stellatum,74901
Allium tricoccum,138334
Alnus incana,3516
Alnus serrulata,253219
Alopecurus aequalis,114194
Alopecurus carolinianus,not found
Amaranthus hybridus,3565
Amaranthus tuberculatus,277990
Ambrosia artemisiifolia,4212
Ambrosia trifida,4214
Amelanchier arborea,52521
Amelanchier canadensis,52523
Amelanchier humilis,52529
Amelanchier interior,1143211
Amelanchier laevis,52531
Amelanchier sanguinea,52536
Ammannia robusta,1441980
Ammophila breviligulata,286491
Amorpha canescens,252450
Amorpha fruticosa,48131
Amphicarpaea bracteata,45679
Andromeda polifolia,95630
Andropogon gerardii,79824
Androsace occidentalis,522403
Anemone canadensis,167997
Anemone caroliniana,174160
Anemone cylindrica,1077387
Anemone patens,387931
Anemone quinquefolia,46976
Anemone virginiana,168008
Angelica atropurpurea,1405025
Antennaria neglecta,49063
Antennaria plantaginifolia,49065
Anticlea elegans,164833
Apios americana,185702
Aplectrum hyemale,48520
Apocynum androsaemifolium,61254
Apocynum cannabinum,13339
Apocynum x,not found
Aquilegia canadensis,46964
Arabidopsis lyrata,59689
Arabis pycnocarpa,571367
Aralia hispida,51236
Aralia nudicaulis,45207
Aralia racemosa,45208
Arctostaphylos uva-ursi,84009
Arethusa bulbosa,78701
Argentina anserina,57926
Arisaema dracontium,227496
Arisaema triphyllum,78371
Aristida dichotoma,348198
Aristida intermedia,not found
Aristida longespica,348219
Aristida oligantha,348227
Aristida purpurascens,348235
Aristida tuberculosa,348269
Arnoglossum atriplicifolium,422314
Arnoglossum plantagineum,462386
Arnoglossum reniforme,not found
Aronia prunifolia,193298
Artemisia caudata,1027776
Artemisia serrata,200864
Aruncus dioicus,32220
Asarum canadense,28498
Asclepias amplexicaulis,659936
Asclepias exaltata,28506
Asclepias incarnata,330158
Asclepias lanuginosa,1549866
Asclepias longifolia,397860
Asclepias meadii,659976
Asclepias ovalifolia,659986
Asclepias perennis,528296
Asclepias purpurascens,528298
Asclepias sullivantii,528302
Asclepias syriaca,48545
Asclepias tuberosa,141466
Asclepias verticillata,528305
Asclepias viridiflora,528306
Asimina triloba,12953
Asplenium platyneuron,210162
Asplenium rhizophyllum,244004
Astragalus canadensis,20408
Astragalus neglectus,90195
Astragalus tennesseensis,not found
Athyrium filix-femina,32110
Aureolaria flava,1620021
Aureolaria grandiflora,1548296
Aureolaria pedicularia,282246
Aureolaria virginica,not found
Azolla cristata,1131306
Baptisia alba,313911
Baptisia bracteata,313912
Baptisia tinctoria,49797
Bartonia virginica,84868
Beckmannia syzigachne,368345
Berberis canadensis,258147
Berula erecta,54827
Besseya bullii,264893
Betula alleghaniensis,21017
Betula nigra,3508
Betula papyrifera,3507
Betula populifolia,216989
Betula pumila,284674
Bidens aristosa,1552225
Bidens beckii,51263
Bidens cernua,51265
Bidens discoidea,1567017
Bidens frondosa,51269
Bidens trichosperma,278099
Bidens tripartita,51276
Bidens vulgata,not found
Blephilia ciliata,182369
Blephilia hirsuta,182370
Boechera canadensis,347886
Boechera grahamii,1539861
Boechera laevigata,359822
Boechera missouriensis,486128
Boechera shortii,258509
Boechera stricta,72658
Boehmeria cylindrica,1503867
Boltonia asteroides,72904
Botrychium campestre,41918
Botrychium dissectum,93613
Botrychium matricariifolium,41915
Botrychium multifldum,not found
Botrychium simplex,41931
Botrychium virginianum,167744
Bouteloua curtipendula,110875
Bouteloua hirsuta,253226
Brachyelytrum erectum,38700
Brasenia schreberi,4424
Brickellia eupatorioides,102754
Bromus ciliatus,254123
Bromus kalmii,254131
Bromus latiglumis,254136
Bromus pubescens,254147
Buchnera americana,1325706
Bulbostylis capillaris,not found
Cakile edentula,349956
Calamagrostis canadensis,52148
Calamagrostis stricta,497295
Calamovilfa longifolia,33108
Calla palustris,45007
Callirhoe triangulata,not found
Callitriche heterophylla,13381
Callitriche palustris,669641
Calopogon oklahomensis,160949
Calopogon tuberosus,78712
Caltha palustris,3449
Calylophus serrulatus,not found
Calystegia sepium,47519
Calystegia spithamaea,1428840
Camassia scilloides,39524
Campanula aparinoides,428155
Campanula rotundifolia,239422
Campanulastrum americanum,239430
Cardamine bulbosa,109593
Cardamine concatenata,109596
Cardamine diphylla,109597
Cardamine douglassii,558114
Cardamine parviflora,352371
Cardamine pensylvanica,65946
Cardamine pratensis,50465
Carex abdita,not found
Carex aggregata,432975
Carex alata,314396
Carex albicans,69846
Carex albolutescens,314397
Carex albursina,312728
Carex alopecoidea,432976
Carex amphibola,330162
Carex annectens,432977
Carex aquatilis,140788
Carex arctata,69847
Carex argyrantha,314399
Carex atherodes,912382
Carex atlantica,432979
Carex aurea,140789
Carex bebbii,314400
Carex bicknellii,140791
Carex blanda,69851
Carex brevior,314401
Carex bromoides,240666
Carex brunnescens,240691
Carex buxbaumii,241202
Carex canescens,140796
Carex careyana,69852
Carex cephaloidea,312731
Carex cephalophora,100277
Carex chordorrhiza,240692
Carex communis,140800
Carex comosa,312735
Carex conjuncta,432985
Carex conoidea,653368
Carex crawei,912406
Carex crawfordii,314409
Carex crinita,312737
Carex cristatella,314410
Carex crus-corvi,312738
Carex cryptolepis,483227
Carex cumulata,314411
Carex davisii,912412
Carex debilis,140802
Carex deweyana,69854
Carex diandra,140803
Carex digitalis,140804
Carex disperma,312740
Carex eburnea,140807
Carex echinata,234467
Carex emmonsii,not found
Carex emoryi,657472
Carex festucacea,314419
Carex flava,140816
Carex folliculata,312743
Carex formosa,912429
Carex frankii,912430
Carex garberi,912431
Carex gracilescens,912437
Carex gracillima,140820
Carex granularis,418164
Carex gravida,472443
Carex grayi,100279
Carex grisea,653373
Carex haydenii,314425
Carex hirsutella,912445
Carex hirtifolia,312746
Carex hitchcockiana,312747
Carex hystericina,312748
Carex interior,203791
Carex intumescens,312749
Carex jamesii,69870
Carex lacustris,912454
Carex laeviconica,912455
Carex laevivaginata,312750
Carex lasiocarpa,241213
Carex laxiculmis,912457
Carex laxiflora,69859
Carex leptalea,100281
Carex leptonervia,912462
Carex limosa,140829
Carex longii,314432
Carex lupuliformis,912466
Carex lupulina,140830
Carex lurida,140831
Carex meadii,912471
Carex molesta,314438
Carex muehlenbergii,312756
Carex muskingumensis,240673
Carex nigromarginata,247934
Carex normalis,314441
Carex oligocarpa,312758
Carex oligosperma,312759
Carex pallescens,140842
Carex pauciflora,140843
Carex peckii,69861
Carex pedunculata,140846
Carex pellita,912486
Carex pensylvanica,69862
Carex plantaginea,69863
Carex platyphylla,912492
Carex prairea,314456
Carex prasina,140851
Carex projecta,312761
Carex pseudocyperus,241227
Carex radiata,312763
Carex retrorsa,312764
Carex richardsonii,912499
Carex rosea,312766
Carex rugosperma,69865
Carex sartwellii,314462
Carex scabrata,312767
Carex scoparia,314463
Carex seorsa,433008
Carex shortiana,312769
Carex siccata,240668
Carex sparganioides,418181
Carex sprengelii,912512
Carex squarrosa,312770
Carex sterilis,433011
Carex stipata,240665
Carex straminea,314471
Carex stricta,301498
Carex suberecta,314474
Carex swanii,312772
Carex tenera,314416
Carex tenuiflora,312774
Carex tetanica,912518
Carex tonsa,299770
Carex torreyi,140860
Carex torta,140861
Carex tribuloides,312775
Carex trichocarpa,312776
Carex trisperma,312777
Carex tuckermanii,312778
Carex typhina,140862
Carex utriculata,912523
Carex vesicaria,241236
Carex virescens,312780
Carex viridula,241237
Carex vulpinoidea,140866
Carex woodii,912529
Carex x,not found
Carpinus caroliniana,12991
Carya cordiformis,139928
Carya laciniosa,1370058
Carya ovalis,13403
Carya ovata,60418
Carya tomentosa,91227
Castilleja coccinea,374697
Castilleja sessiliflora,1229048
Caulophyllum thalictroides,46963
Ceanothus americanus,54778
Ceanothus herbaceus,73683
Celastrus scandens,123407
Celtis occidentalis,228587
Celtis tenuifolia,not found
Cenchrus longispinus,not found
Cephalanthus occidentalis,43461
Cerastium nutans,271579
Cerastium velutinum,271555
Ceratophyllum demersum,4428
Ceratophyllum echinatum,251681
Cercis canadensis,49801
Chaerophyllum procumbens,109108
Chamaecrista fasciculata,53854
Chamaecrista nictitans,225969
Chamaedaphne calyculata,13417
Chamaesyce maculata,216479
Chamaesyce nutans,216481
Chamaesyce polygonifolia,not found
Chamerion angustifolium,13055
Chasmanthium latifolium,38735
Chelone glabra,262425
Chenopodium leptophyllum,910633
Chenopodium simplex,932096
Chenopodium standleyanum,1072230
Chimaphila maculata,93813
Chimaphila umbellata,93815
Chrysopsis camporum,not found
Chrysosplenium americanum,36749
Cicuta bulbifera,254035
Cicuta maculata,178650
Cimicifuga racemosa,64040
Cinna arundinacea,568985
Circaea alpina,22655
Circaea canadensis,253508
Cirsium altissimum,1308046
Cirsium discolor,196712
Cirsium muticum,196730
Cirsium pitcheri,196734
Cirsium pumilum,1261135
Cladium mariscoides,906947
Claytonia virginica,89079
Clematis pitcheri,748707
Clematis virginiana,743734
Clinopodium arkansanum,980656
Clinopodium vulgare,204222
Clintonia borealis,34183
Coeloglossum viride,230577
Coleataenia anceps,206010
Coleataenia longifolia,not found
Coleataenia rigidula,not found
Collinsia verna,183438
Collinsonia canadensis,39289
Comandra umbellata,50119
Comarum palustre,57932
Commelina erecta,428228
Comptonia peregrina,29742
Conioselinum chinense,52460
Conopholis americana,4179
Coptis trifolia,38790
Corallorhiza maculata,48526
Corallorhiza odontorhiza,459589
Corallorhiza trifida,451881
Corallorhiza wisteriana,459594
Coreopsis lanceolata,159666
Coreopsis palmata,159674
Coreopsis tripteris,159685
Corispermum hyssopifolium,1151092
Cornus alba,367337
Cornus alternifolia,16902
Cornus canadensis,4282
Cornus drummondii,367342
Cornus florida,4283
Cornus obliqua,16904
Cornus racemosa,4284
Cornus rugosa,367353
Corydalis flavula,330165
Corydalis sempervirens,3464
Corylus americana,78632
Corylus cornuta,13452
Crataegus calpodendron,416281
Crataegus chrysocarpa,510715
Crataegus crus-galli,216036
Crataegus flabellata,510723
Crataegus intricata,not found
Crataegus mollis,36593
Crataegus pedicellata,not found
Crataegus pruinosa,not found
Crataegus punctata,416294
Crataegus succulenta,1143232
Crotalaria sagittalis,not found
Cryptogramma stelleri,377231
Cryptotaenia canadensis,54828
Cuscuta campestris,132261
Cuscuta cephalanthi,267556
Cuscuta compacta,267558
Cuscuta coryli,437251
Cuscuta glomerata,113197
Cuscuta gronovii,35886
Cuscuta pentagona,112407
Cuscuta polygonorum,437289
Cycloloma atriplicifolium,46098
Cynoglossum virginianum,1288187
Cyperus acuminatus,1350059
Cyperus bipartitus,not found
Cyperus dentatus,not found
Cyperus diandrus,not found
Cyperus erythrorhizos,330166
Cyperus esculentus,1053340
Cyperus flavescens,76497
Cyperus houghtonii,not found
Cyperus lupulinus,932097
Cyperus odoratus,388568
Cyperus schweinitzii,not found
Cyperus squarrosus,140880
Cyperus strigosus,529434
Cypripedium acaule,38191
Cypripedium arietinum,153602
Cypripedium candidum,442461
Cypripedium parviflorum,153603
Cypripedium reginae,53051
Cypripedium x,not found
Cystopteris bulbifera,1328777
Cystopteris fragilis,32112
Cystopteris protrusa,1328783
Cystopteris tenuis,1328787
Dalea candida,252452
Dalea foliosa,not found
Dalea purpurea,248511
Danthonia spicata,42048
Dasiphora fruticosa,32239
Dasistoma macrophylla,282250
Decodon verticillatus,162018
Delphinium tricorne,158006
Dendrolycopodium obscurum,62333
Deparia acrostichoides,1108166
Deschampsia caespitosa,37723
Deschampsia flexuosa,29672
Desmanthus illinoensis,196648
Desmodium canadense,932098
Desmodium canescens,556502
Desmodium ciliare,1549122
Desmodium cuspidatum,556504
Desmodium glabellum,not found
Desmodium glutinosum,556505
Desmodium illinoense,not found
Desmodium marilandicum,1549123
Desmodium nudiflorum,556507
Desmodium obtusum,not found
Desmodium paniculatum,343495
Desmodium rotundifolium,1089624
Desmodium sessilifolium,not found
Diarrhena americana,65976
Dicentra canadensis,581247
Dicentra cucullaria,417911
Dichanthelium acuminatum,220438
Dichanthelium boreale,not found
Dichanthelium clandestinum,220419
Dichanthelium commutatum,888266
Dichanthelium depauperatum,888267
Dichanthelium dichotomum,795688
Dichanthelium latifolium,1262105
Dichanthelium leibergii,not found
Dichanthelium linearifolium,1262106
Dichanthelium meridionale,not found
Dichanthelium oligosanthes,888268
Dichanthelium ovale,not found
Dichanthelium perlongum,not found
Dichanthelium portoricense,1620044
Dichanthelium sphaerocarpon,1620046
Dichanthelium spretum,not found
Dichanthelium wilcoxianum,not found
Didiplis diandra,907228
Diervilla lonicera,79606
Digitaria flliformis,not found
Dioscorea villosa,330167
Diphasiastrum complanatum,34168
Diphasiastrum tristachyum,37432
Diplazium pycnocarpon,93615
Dirca palustris,39989
Dodecatheon meadia,59976
Doellingeria umbellata,72927
Draba reptans,95427
Drosera intermedia,463625
Drosera rotundifolia,173423
Drymocallis arguta,57927
Dryopteris carthusiana,239555
Dryopteris celsa,1082683
Dryopteris clintoniana,1082684
Dryopteris cristata,32114
Dryopteris fllix-mas,not found
Dryopteris goldiana,207840
Dryopteris intermedia,207841
Dryopteris marginalis,449839
Dulichium arundinaceum,100290
Echinacea pallida,53749
Echinacea purpurea,53751
Echinochloa crus-galli,90397
Echinochloa walteri,458535
Echinocystis lobata,252533
Echinodorus berteroi,430087
Eleocharis acicularis,280053
Eleocharis compressa,756498
Eleocharis elliptica,863328
Eleocharis engelmannii,110285
Eleocharis equisetoides,110286
Eleocharis geniculata,110288
Eleocharis intermedia,863332
Eleocharis melanocarpa,110290
Eleocharis microcarpa,110291
Eleocharis obtusa,110294
Eleocharis olivacea,not found
Eleocharis palustris,110297
Eleocharis quadrangulata,529437
Eleocharis quinqueflora,46325
Eleocharis robbinsii,110302
Eleocharis rostellata,110303
Eleocharis tenuis,863360
Eleocharis wolfii,not found
Ellisia nyctelea,79343
Elodea canadensis,100364
Elodea nuttallii,55313
Elymus canadensis,29675
Elymus hystrix,145781
Elymus riparius,145779
Elymus trachycaulus,52709
Elymus villosus,not found
Elymus virginicus,145780
Endodeca serpentaria,not found
Enemion biternatum,46967
Epifagus virginiana,4177
Epigaea repens,45914
Epilobium ciliatum,33132
Epilobium coloratum,932100
Epilobium leptophyllum,1233960
Epilobium palustre,669682
Epilobium strictum,not found
Equisetum arvense,3258
Equisetum fluviatile,231680
Equisetum hyemale,3262
Equisetum laevigatum,223814
Equisetum palustre,113538
Equisetum scirpoides,3261
Equisetum sylvaticum,231679
Equisetum variegatum,231678
Equisetum x,not found
Eragrostis capillaris,not found
Eragrostis frankii,not found
Eragrostis hypnoides,270244
Eragrostis pectinacea,433869
Eragrostis spectabilis,888271
Erigenia bulbosa,63005
Erigeron annuus,91248
Erigeron canadensis,72917
Erigeron divaricatus,not found
Erigeron philadelphicus,72930
Erigeron pulchellus,91287
Erigeron strigosus,91296
Eriocaulon aquaticum,72646
Eriophorum angustifolium,100292
Eriophorum gracile,388570
Eriophorum vaginatum,76438
Eriophorum virginicum,1540056
Eriophorum viridicarinatum,46327
Eryngium yuccifolium,90460
Erysimum capitatum,220481
Erythronium albidum,134856
Erythronium americanum,202119
Euonymus atropurpureus,482937
Euonymus obovatus,not found
Eupatorium altissimum,102769
Eupatorium perfoliatum,102777
Eupatorium serotinum,103756
Eupatorium sessilifolium,102779
Euphorbia commutata,1333898
Euphorbia corollata,457242
Euphorbia obtusata,not found
Eurybia furcata,481917
Eurybia macrophylla,481921
Eurybia schreberi,481928
Euthamia caroliniana,199513
Euthamia graminifolia,72935
Euthamia gymnospermoides,not found
Eutrochium fistulosum,102764
Eutrochium maculatum,102765
Eutrochium purpureum,102766
Fagus grandifolia,60423
Fallopia cilinodis,105046
Fallopia scandens,76037
Festuca paradoxa,not found
Festuca saximontana,464078
Festuca subverticillata,391970
Filipendula rubra,not found
Fimbristylis autumnalis,372897
Fimbristylis puberula,1620055
Floerkea proserpinacoides,13531
Fragaria vesca,57918
Fragaria virginiana,101015
Frasera caroliniensis,485363
Fraxinus americana,38872
Fraxinus nigra,56031
Fraxinus pennsylvanica,56036
Fraxinus profunda,757440
Fraxinus quadrangulata,56032
Froelichia floridana,46114
Fuirena pumila,906954
Galearis spectabilis,256339
Galium aparine,29788
Galium asprellum,1503868
Galium boreale,35896
Galium brevipes,not found
Galium circaezans,715667
Galium concinnum,1405026
Galium labradoricum,not found
Galium lanceolatum,932101
Galium obtusum,792624
Galium pilosum,715705
Galium tinctorium,715720
Galium trifidum,669698
Galium triflorum,715723
Gaultheria hispidula,157511
Gaultheria procumbens,157519
Gaura biennis,260689
Gaura longiflora,260694
Gaylussacia baccata,128893
Gentiana alba,not found
Gentiana andrewsii,932102
Gentiana puberulenta,not found
Gentiana saponaria,984480
Gentianella quinquefolia,137117
Gentianopsis crinita,84894
Gentianopsis virgata,not found
Geranium bicknellii,379936
Geranium carolinianum,554690
Geranium maculatum,not found
Geranium robertianum,122183
Geum aleppicum,714473
Geum canadense,350588
Geum laciniatum,not found
Geum rivale,148897
Geum triflorum,148890
Geum vernum,148900
Geum virginianum,not found
Gleditsia triacanthos,54874
Glyceria borealis,37676
Glyceria canadensis,388677
Glyceria grandis,79847
Glyceria septentrionalis,388684
Glyceria striata,37677
Goodyera pubescens,78780
Gratiola aurea,438840
Gratiola neglecta,307731
Gratiola quartermaniae,not found
Gratiola virginiana,307729
Gymnocarpium dryopteris,32116
Gymnocladus dioicus,53883
Hackelia virginiana,1452876
Hamamelis virginiana,4397
Hedeoma hispida,not found
Hedeoma pulegioides,1547260
Helenium autumnale,138408
Helianthemum bicknellii,not found
Helianthemum canadense,1085672
Helianthus decapetalus,73283
Helianthus divaricatus,73285
Helianthus giganteus,73288
Helianthus grosseserratus,73291
Helianthus hirsutus,73293
Helianthus mollis,73299
Helianthus occidentalis,73303
Helianthus pauciflorus,382521
Helianthus strumosus,382522
Helianthus subrhomboideus,not found
Helianthus tuberosus,4233
Helianthus x,not found
Heliopsis helianthoides,53723
Hepatica acutiloba,387276
Hepatica americana,46980
Heracleum maximum,40918
Heserostipa spartea,not found
Heteranthera dubia,44955
Heuchera americana,100307
Heuchera richardsonii,423499
Hibiscus laevis,241595
Hibiscus moscheutos,241598
Hieracium gronovii,378948
Hieracium longipilum,122536
Hieracium paniculatum,883012
Hieracium scabrum,269357
Hieracium umbellatum,268065
Hierochloe odorata,286619
Hippuris vulgaris,39321
Houstonia caerulea,120133
Houstonia longifolia,60373
Hudsonia tomentosa,255346
Humulus lupulus,3486
Huperzia lucidula,37429
Huperzia porophila,not found
Hybanthus concolor,97458
Hydrangea arborescens,96933
Hydrastis canadensis,13569
Hydrocotyle umbellata,1475409
Hydrophyllum appendiculatum,not found
Hydrophyllum canadense,85212
Hydrophyllum virginianum,4134
Hymenopappus scabiosaeus,1620118
Hypericum adpressum,268975
Hypericum ascyron,210378
Hypericum boreale,282535
Hypericum canadense,1136960
Hypericum fraseri,999596
Hypericum gentianoides,1136978
Hypericum gymnanthum,1053356
Hypericum kalmianum,473045
Hypericum majus,1321336
Hypericum mutilum,330172
Hypericum prolificum,269015
Hypericum punctatum,269017
Hypericum sphaerocarpum,269020
Hypericum virginicum,198791
Hypoxis hirsuta,142856
Ilex verticillata,185559
Iliamna remota,139629
Impatiens capensis,55378
Impatiens pallida,35940
Iodanthus pinnatifidus,359856
Ionactis linariifolius,not found
Ipomoea pandurata,89654
Iris virginica,292533
Isanthus brachiatus,201517
Isoetes butleri,264931
Isoetes melanopoda,13839
Isotria medeoloides,256363
Isotria verticillata,78788
Jeffersonia diphylla,46961
Juglans cinerea,91214
Juglans nigra,16719
Juncus acuminatus,1620122
Juncus alpinoarticulatus,253143
Juncus anthelatus,not found
Juncus articulatus,223654
Juncus balticus,223655
Juncus brachycarpus,576194
Juncus brachycephalus,308411
Juncus bufonius,223656
Juncus canadensis,308403
Juncus diffusissimus,308412
Juncus dudleyi,308393
Juncus effusus,13579
Juncus greenei,not found
Juncus interior,308392
Juncus marginatus,1620123
Juncus militaris,not found
Juncus nodatus,not found
Juncus nodosus,308406
Juncus pelocarpus,308400
Juncus scirpoides,308409
Juncus tenuis,932103
Juncus torreyi,932104
Juncus vaseyi,not found
Juniperus communis,58039
Juniperus horizontalis,669713
Juniperus virginiana,39584
Justicia americana,28522
Kalmia angustifolia,45901
Koeleria macrantha,366481
Krigia biflora,19019
Krigia virginica,19025
Lactuca biennis,883013
Lactuca canadensis,527214
Lactuca floridana,883014
Lactuca hirsuta,883011
Lactuca ludoviciana,not found
Laportea canadensis,194269
Larix laricina,3326
Lathyrus japonicus,154493
Lathyrus ochroleucus,1234501
Lathyrus palustris,313104
Lathyrus venosus,1276802
Lechea intermedia,1441988
Lechea minor,1620128
Lechea mucronata,1620129
Lechea pulchella,1620130
Lechea racemulosa,not found
Lechea stricta,not found
Lechea tenuifolia,not found
Leersia lenticularis,not found
Leersia oryzoides,35712
Leersia virginica,38706
Lemna gibba,4470
Lemna minor,4472
Lemna minuta,161101
Lemna obscura,161102
Lemna perpusilla,161103
Lemna trisulca,161105
Lemna turionifera,161106
Lemna valdiviana,161107
Lepidium virginicum,59292
Leptoloma cognatum,not found
Lespedeza capitata,571920
Lespedeza hirta,466224
Lespedeza intermedia,556515
Lespedeza leptostachya,571921
Lespedeza violacea,701552
Lespedeza virginica,701553
Leucospora multifida,438423
Liatris aspera,983213
Liatris cylindracea,301150
Liatris pycnostachya,983228
Liatris scariosa,983229
Liatris spicata,886939
Lilium michiganense,84049
Lilium philadelphicum,84056
Lindera benzoin,55958
Lindernia dubia,438434
Linnaea borealis,77623
Linum intercursum,not found
Linum medium,1620133
Linum striatum,586394
Linum sulcatum,610154
Linum virginianum,not found
Liparis lilifolia,78794
Liparis loeselii,226209
Lipocarpha drummondii,1287961
Lipocarpha micrantha,1234527
Liriodendron tulipifera,3415
Lithospermum canescens,650305
Lithospermum croceum,not found
Lithospermum incisum,543573
Lithospermum latifolium,475905
Lobelia cardinalis,76578
Lobelia inflata,308559
Lobelia kalmii,368688
Lobelia siphilitica,330173
Lobelia spicata,1441989
Lonicera canadensis,350584
Lonicera dioica,486665
Lonicera oblongifolia,566149
Lonicera reticulata,180182
Ludwigia alternifolia,330174
Ludwigia palustris,376201
Ludwigia polycarpa,1081046
Ludwigia sphaerocarpa,1081047
Lupinus perennis,53236
Luzula acuminata,203794
Luzula multiflora,178423
Lycopodiella inundata,37431
Lycopodium clavatum,3252
Lycopus americanus,932105
Lycopus amplectens,not found
Lycopus asper,not found
Lycopus rubellus,1620141
Lycopus uniflorus,392634
Lycopus virginicus,1620142
Lysimachia ciliata,213256
Lysimachia hybrida,306301
Lysimachia lanceolata,185814
Lysimachia quadriflora,306298
Lysimachia quadrifolia,213290
Lysimachia terrestris,306308
Lysimachia thyrsiflora,174664
Lysimachia x,not found
Lythrum alatum,1620146
Maianthemum canadense,416391
Maianthemum racemosum,39530
Maianthemum stellatum,191661
Maianthemum trifolium,416393
Malaxis monophyllos,426910
Malaxis unifolia,not found
Malus coronaria,106550
Malus ioensis,106557
Malvastrum hispidum,not found
Matteuccia struthiopteris,3277
Medeola virginiana,4694
Melampyrum lineare,68868
Melica mutica,888272
Melica nitens,not found
Menispermum canadense,49681
Mentha arvensis,292239
Menyanthes trifoliata,28525
Mertensia virginica,417949
Mikania scandens,102787
Milium effusum,376129
Mimulus alatus,not found
Mimulus glabratus,270978
Mimulus ringens,188307
Minuartia michauxii,not found
Minuartia patula,not found
Mitchella repens,45181
Mitella diphylla,40796
Mitella nuda,40798
Moehringia lateriflora,410645
Monarda clinopodia,182380
Monarda fistulosa,39344
Monarda punctata,182387
Monotropa hypopithys,176248
Monotropa uniflora,50148
Morus rubra,32202
Muhlenbergia bushii,not found
Muhlenbergia cuspidata,946624
Muhlenbergia frondosa,not found
Muhlenbergia glabrifloris,not found
Muhlenbergia glomerata,not found
Muhlenbergia mexicana,946647
Muhlenbergia schreberi,751683
Muhlenbergia sobolifera,372163
Muhlenbergia sylvatica,160557
Muhlenbergia tenuiflora,946667
Myosotis laxa,192342
Myosotis verna,192365
Myriophyllum heterophyllum,208866
Myriophyllum hippuroides,637472
Myriophyllum pinnatum,208868
Myriophyllum sibiricum,24953
Myriophyllum verticillatum,208876
Nabalus albus,883017
Nabalus altissimus,43202
Nabalus asperus,not found
Nabalus crepidineus,883023
Nabalus racemosus,883025
Najas flexilis,29650
Najas guadalupensis,403037
Napaea dioica,108457
Nelumbo lutea,4431
Nemopanthus mucronatus,4302
Nothocalais cuspidata,231836
Nuphar advena,77108
Nuphar variegata,4416
Nuttallanthus canadensis,69914
Nymphaea odorata,4419
Nyssa sylvatica,4292
Oenothera biennis,3942
Oenothera clelandii,690534
Oenothera fruticosa,203951
Oenothera laciniata,238288
Oenothera nuttallii,337558
Oenothera perennis,690544
Oenothera pilosella,1447707
Oenothera villosa,482603
Onoclea sensibilis,3281
Onosmodium hispidissimum,not found
Ophioglossum pusillum,208698
Opuntia humifusa,446152
Opuntia macrorhiza,1041245
Orbexilum onobrychis,458340
Orbexilum pedunculatum,458341
Orobanche fasciculata,48537
Orobanche uniflora,86095
Orthilia secunda,93819
Oryzopsis asperifolia,796701
Oryzopsis pungens,1118090
Oryzopsis racemosa,38680
Osmorhiza claytonii,105909
Osmorhiza longistylis,54830
Osmunda cinnamomea,3284
Osmunda claytoniana,29589
Osmunda spectabilis,not found
Ostrya virginiana,13622
Oxalis stricta,213833
Oxalis violacea,446153
Oxypolis rigidior,178701
Packera aurea,98688
Packera obovata,98700
Packera paupercula,34240
Packera plattensis,1455566
Packera pseudaurea,34241
Panax quinquefolius,44588
Panax trifolius,44683
Panicum capillare,33109
Panicum dichotomiflorum,29692
Panicum flexile,888273
Panicum gattingeri,not found
Panicum philadelphicum,not found
Panicum verrucosum,220448
Panicum virgatum,38727
Parietaria pensylvanica,194270
Parnassia glauca,324805
Paronychia canadensis,330176
Paronychia fastigiata,157621
Parthenium integrifolium,not found
Parthenocissus inserta,345125
Parthenocissus quinquefolia,3607
Paspalum setaceum,547450
Pedicularis canadensis,1325716
Pedicularis lanceolata,43175
Pellaea glabella,414648
Peltandra virginica,78376
Penstemon calycosus,1279143
Penstemon digitalis,265135
Penstemon hirsutus,265143
Penstemon pallidus,388182
Penthorum sedoides,23262
Perideridia americana,234853
Persicaria amphibia,254780
Persicaria arifolia,452456
Persicaria careyi,487991
Persicaria hydropiper,46901
Persicaria hydropiperoides,487997
Persicaria lapathifolia,430754
Persicaria pensylvanica,137687
Persicaria punctata,137688
Persicaria sagittata,137696
Persicaria virginiana,46788
Phegopteris connectilis,173899
Phegopteris hexagonoptera,93619
Phemeranthus rugospermum,not found
Phlox biflda,not found
Phlox divaricata,103528
Phlox glaberrima,103531
Phlox maculata,103533
Phlox pilosa,103539
Phragmites australis,29695
Phryma leptostachya,41401
Phyla lanceolata,86859
Physalis heterophylla,304155
Physalis pumila,304157
Physalis subglabrata,482384
Physalis virginiana,304158
Physocarpus opulifolius,133202
Physostegia virginiana,28510
Phytolacca americana,3527
Pilea fontana,99289
Pilea pumila,24776
Pinus banksiana,3353
Pinus resinosa,54921
Pinus strobus,3348
Piptochaetium avenaceum,399655
Plantago aristata,197795
Plantago cordata,not found
Plantago rugelii,101993
Plantago virginica,113209
Platanthera blephariglottis,1620161
Platanthera ciliaris,78829
Platanthera clavellata,not found
Platanthera dilatata,409001
Platanthera flava,not found
Platanthera hookeri,not found
Platanthera huronensis,1120565
Platanthera lacera,706068
Platanthera leucophaea,36962
Platanthera orbiculata,not found
Platanthera psycodes,not found
Platanus occidentalis,4403
Poa alsodes,368355
Poa languida,330868
Poa paludigena,not found
Poa palustris,269377
Poa sylvestris,368392
Poa wolfli,not found
Podophyllum peltatum,35933
Pogonia ophioglossoides,78838
Polanisia dodecandra,72660
Polemonium reptans,13640
Polygala cruciata,4276
Polygala incarnata,690793
Polygala polygama,690812
Polygala sanguinea,485366
Polygala senega,174549
Polygala verticillata,690840
Polygaloides paucifolia,not found
Polygonatum biflorum,39535
Polygonatum pubescens,221231
Polygonella articulata,452461
Polygonum achoreum,701365
Polygonum buxiforme,701377
Polygonum erectum,137694
Polygonum ramosissimum,701410
Polygonum tenue,not found
Polymnia canadensis,183070
Polypodium virginianum,872808
Polystichum acrostichoides,28470
Polytaenia nuttallii,178705
Pontederia cordata,44964
Populus balsamifera,73824
Populus deltoides,3696
Populus grandidentata,482945
Populus heterophylla,not found
Populus tremuloides,3693
Populus x,not found
Potamogeton amplifolius,16364
Potamogeton berchtoldii,108425
Potamogeton diversifolius,213838
Potamogeton epihydrus,397064
Potamogeton foliosus,292609
Potamogeton friesii,397066
Potamogeton gramineus,55319
Potamogeton illinoensis,397070
Potamogeton natans,189328
Potamogeton nodosus,99363
Potamogeton praelongus,246704
Potamogeton pulcher,397073
Potamogeton pusillus,246702
Potamogeton richardsonii,29651
Potamogeton robbinsii,55321
Potamogeton strictifolius,397078
Potamogeton vaseyi,397084
Potamogeton x,not found
Potamogeton zosteriformis,55322
Potentilla norvegica,57931
Potentilla pensylvanica,457914
Potentilla simplex,667283
Potentilla tridentata,57934
Proserpinaca palustris,434573
Prunella vulgaris,39358
Prunus americana,122118
Prunus nigra,122120
Prunus pensylvanica,262529
Prunus pumila,262528
Prunus serotina,23207
Prunus virginiana,133204
Pseudognaphalium macounii,1209487
Pseudognaphalium obtusifolium,1209488
Psoralidium tenuiflorum,247917
Ptelea trifoliata,210336
Pteridium aquilinum,32101
Pycnanthemum muticum,326164
Pycnanthemum tenuifolium,751853
Pycnanthemum verticillatum,not found
Pycnanthemum virginianum,392642
Pyrola americana,93820
Pyrola asarifolia,93823
Pyrola chlorantha,93824
Pyrola elliptica,93825
Quercus alba,3513
Quercus bicolor,889476
Quercus coccinea,354624
Quercus ellipsoidalis,498457
Quercus imbricaria,39469
Quercus macrocarpa,519047
Quercus muhlenbergii,not found
Quercus palustris,73152
Quercus rubra,3512
Quercus velutina,500452
Quercus x,not found
Ranunculus abortivus,286845
Ranunculus cymbalaria,286840
Ranunculus fascicularis,568547
Ranunculus flabellaris,not found
Ranunculus gmelinii,286903
Ranunculus hispidus,476038
Ranunculus longirostris,not found
Ranunculus pensylvanicus,286968
Ranunculus recurvatus,46994
Ranunculus rhomboideus,568568
Ranunculus sceleratus,147635
Ratibida pinnata,52294
Rhamnus alnifolia,527216
Rhamnus lanceolata,706615
Rhexia virginica,40003
Rhododendron groenlandicum,49605
Rhus aromatica,289751
Rhus copallinum,32258
Rhus glabra,298662
Rhus hirta,255348
Rhus x,not found
Rhynchospora alba,241642
Rhynchospora capillacea,not found
Rhynchospora capitellata,not found
Rhynchospora fusca,529450
Rhynchospora globularis,1620174
Rhynchospora macrostachya,not found
Rhynchospora nitens,1620178
Rhynchospora scirpoides,76507
Ribes americanum,3802
Ribes cynosbati,208494
Ribes hirtellum,175203
Ribes missouriense,175217
Ribes triste,175233
Rorippa aquatica,65950
Rorippa palustris,50498
Rorippa sessiliflora,1425328
Rorippa sinuata,157099
Rosa acicularis,117260
Rosa arkansana,267231
Rosa blanda,74640
Rosa carolina,74638
Rosa palustris,267247
Rosa setigera,137000
Rosa x,not found
Rotala ramosior,312925
Rubus allegheniensis,75062
Rubus flagellaris,190224
Rubus frondosus,not found
Rubus hispidus,43104
Rubus idaeus,32247
Rubus missouricus,not found
Rubus occidentalis,75079
Rubus odoratus,75080
Rubus pensilvanicus,75084
Rubus pubescens,75086
Rubus recurvans,not found
Rubus rosa,3764
Rubus setosus,75092
Rubus wheeleri,not found
Rudbeckia fulgida,52312
Rudbeckia hirta,52299
Rudbeckia laciniata,52310
Rudbeckia subtomentosa,52307
Rudbeckia triloba,52309
Ruellia humilis,192256
Ruellia strepens,441029
Rumex altissimus,not found
Rumex britannica,not found
Rumex fueginus,not found
Rumex triangulivalvis,1234506
Rumex verticillatus,1620180
Ruppia cirrhosa,83789
Sabatia angularis,82728
Sabatia campanulata,1620183
Sabatia campestris,236218
Sagittaria brevirostra,353115
Sagittaria calycina,1419492
Sagittaria cuneata,353097
Sagittaria graminea,146149
Sagittaria latifolia,15008
Sagittaria rigida,353102
Salix amygdaloides,75705
Salix bebbiana,75707
Salix candida,1087216
Salix cordata,426349
Salix discolor,75709
Salix eriocephala,285592
Salix humilis,1242995
Salix interior,75712
Salix lucida,350589
Salix myricoides,1510608
Salix nigra,75714
Salix pedicellaris,1120109
Salix petiolaris,1242996
Salix pyrifolia,1242997
Salix sericea,312456
Salix serissima,1120560
Sambucus nigra,4202
Sambucus racemosa,4203
Samolus parviflorus,1081845
Sanguinaria canadensis,3472
Sanguisorba canadensis,137455
Sanicula canadensis,52574
Sanicula marilandica,not found
Sanicula odorata,393533
Sanicula trifoliata,393535
Sarracenia purpurea,45176
Sassafras albidum,46945
Saururus cernuus,13260
Saxifraga pensylvanica,90609
Scheuchzeria palustris,29653
Schizachne purpurascens,545880
Schizachyrium scoparium,79855
Schoenoplectus acutus,140885
Schoenoplectus fluviatilis,not found
Schoenoplectus hallii,not found
Schoenoplectus heterochaetus,1442356
Schoenoplectus pungens,238833
Schoenoplectus purshianus,not found
Schoenoplectus smithii,not found
Schoenoplectus subterminalis,1442359
Schoenoplectus tabernaemontani,316508
Schoenoplectus torreyi,1442360
Scirpus atrocinctus,435679
Scirpus atrovirens,743735
Scirpus cyperinus,435680
Scirpus expansus,435681
Scirpus georgianus,435683
Scirpus hattorianus,435684
Scirpus microcarpus,100302
Scirpus pedicellatus,1540061
Scirpus pendulus,435685
Scirpus polyphyllus,1540062
Scleria muehlenbergii,1352569
Scleria pauciflora,not found
Scleria reticularis,140889
Scleria triglomerata,906966
Scleria verticillata,1620189
Scrophularia lanceolata,942075
Scrophularia marilandica,764929
Scutellaria elliptica,1343444
Scutellaria galericulata,53169
Scutellaria lateriflora,233893
Scutellaria nervosa,not found
Scutellaria ovata,not found
Scutellaria parvula,942060
Sedum ternatum,91148
Selaginella apoda,39585
Selaginella rupestris,88037
Senecio hieraciifolius,not found
Senecio suaveolens,422328
Senna hebecarpa,1582321
Senna marilandica,not found
Shepherdia canadensis,36905
Sicyos angulatus,64232
Silene antirrhina,54821
Silene nivea,200590
Silene regia,39906
Silene stellata,200593
Silene virginica,155647
Silphium integrifolium,121897
Silphium laciniatum,53587
Silphium perfoliatum,53588
Silphium terebinthinaceum,121900
Sinapis arvensis,29728
Sisyrinchium albidum,1129424
Sisyrinchium angustifolium,244039
Sisyrinchium atlanticum,1129426
Sisyrinchium campestre,1053806
Sisyrinchium montanum,207934
Sium suave,48053
Smallanthus uvedalius,176613
Smilax ecirrhata,1291630
Smilax hispida,55959
Smilax illinoensis,1291631
Smilax lasioneuron,299608
Smilax rotundifolia,72647
Solanum americanum,109975
Solidago altissima,59294
Solidago caesia,471148
Solidago canadensis,59297
Solidago flexicaulis,330182
Solidago gigantea,330183
Solidago glaberrima,not found
Solidago hispida,996325
Solidago juncea,330184
Solidago nemoralis,471149
Solidago ohioensis,471150
Solidago patula,471151
Solidago ptarmicoides,471152
Solidago riddellii,471153
Solidago rigida,199521
Solidago rigidiuscula,not found
Solidago rugosa,511490
Solidago simplex,330185
Solidago speciosa,471154
Solidago uliginosa,996327
Solidago ulmifolia,691053
Sorbus americana,193310
Sorbus decora,765745
Sorghastrum nutans,79857
Sparganium americanum,113279
Sparganium androcladum,1407755
Sparganium angustifolium,669838
Sparganium eurycarpum,35871
Sparganium natans,669840
Spartina pectinata,65991
Sphenopholis intermedia,388721
Sphenopholis nitida,1440555
Sphenopholis obtusata,481248
Spiraea alba,410739
Spiraea tomentosa,473049
Spiranthes cernua,78845
Spiranthes lacera,499196
Spiranthes lucida,1523952
Spiranthes magnicamporum,126263
Spiranthes ochroleuca,1523953
Spiranthes ovalis,1530326
Spiranthes romanzoffiana,126264
Spiranthes tuberosa,1530333
Spirodela polyrhiza,29656
Sporobolus clandestinus,1051754
Sporobolus cryptandrus,641383
Sporobolus heterolepis,121785
Sporobolus neglectus,1534663
Sporobolus vaginiflorus,888275
Stachys aspera,194208
Stachys hyssopifolia,not found
Stachys pilosa,193341
Stachys tenuifolia,194231
Staphylea trifolia,85280
Stellaria crassifolia,395325
Stellaria longifolia,228247
Stellaria pubera,645215
Stenanthium gramineum,164828
Streptopus lanceolatus,34197
Strophostyles helvola,90593
Strophostyles leiosperma,260888
Stuckenia pectinata,55444
Stylophorum diphyllum,56864
Styrax americanus,13700
Sullivantia sullivantii,23271
Symphoricarpos albus,13702
Symphoricarpos occidentalis,318448
Symphyotrichum boreale,561178
Symphyotrichum ciliolatum,526930
Symphyotrichum cordifolium,41480
Symphyotrichum drummondii,321986
Symphyotrichum dumosum,556906
Symphyotrichum ericoides,481941
Symphyotrichum falcatum,408820
Symphyotrichum laeve,691054
Symphyotrichum lanceolatum,526931
Symphyotrichum lateriflorum,526933
Symphyotrichum novae-angliae,55612
Symphyotrichum oblongifolium,72978
Symphyotrichum ontarionis,1503869
Symphyotrichum oolentangiense,not found
Symphyotrichum parviceps,547780
Symphyotrichum pilosum,526934
Symphyotrichum praealtum,1249083
Symphyotrichum prenanthoides,not found
Symphyotrichum puniceum,556914
Symphyotrichum racemosum,556915
Symphyotrichum sericeum,481947
Symphyotrichum shortii,547781
Symphyotrichum urophyllum,526936
Symplocarpus foetidus,28477
Taenidia integerrima,48059
Taxus canadensis,88032
Tephrosia virginiana,1089629
Tetraneuris herbacea,not found
Teucrium canadense,201512
Thalictrum dasycarpum,46973
Thalictrum dioicum,46970
Thalictrum revolutum,46972
Thalictrum thalictroides,46969
Thaspium barbinode,178717
Thaspium trifoliatum,54730
Thelypteris noveboracensis,449902
Thelypteris palustris,29618
Thismia americana,not found
Thuja occidentalis,3317
Tiarella cordifolia,369350
Tilia americana,66669
Tipularia discolor,38213
Tomanthera auriculata,4172
Torreyochloa pallida,391969
Toxicodendron radicans,43853
Toxicodendron rydbergii,690250
Toxicodendron vernix,289774
Tradescantia ohiensis,77340
Tradescantia subaspera,1415700
Tradescantia virginiana,59016
Triantha glutinosa,207928
Trichophorum caespitosum,76515
Trichophorum clintonii,76516
Trichostema dichotomum,41240
Trientalis borealis,319347
Trifolium reflexum,361976
Triglochin maritima,55501
Triglochin palustris,403040
Trillium cernuum,82476
Trillium erectum,50545
Trillium flexipes,82483
Trillium grandiflorum,55186
Trillium nivale,82491
Trillium recurvatum,82495
Trillium sessile,49676
Trillium undulatum,82504
Triodanis perfoliata,284232
Triosteum aurantiacum,134524
Triosteum illinoense,not found
Triosteum perfoliatum,105270
Triphora trianthophora,78852
Triplasis purpurea,751733
Tsuga canadensis,66173
Turritis glabra,63678
Typha latifolia,4733
Ulmus americana,29740
Ulmus rubra,102693
Ulmus thomasii,180953
Urtica dioica,3501
Utricularia cornuta,192281
Utricularia geminiscapa,192290
Utricularia gibba,13748
Utricularia intermedia,192294
Utricularia macrorhiza,192300
Utricularia minor,326275
Utricularia purpurea,204368
Utricularia radiata,not found
Utricularia resupinata,193138
Utricularia subulata,192319
Uvularia grandiflora,49460
Uvularia sessilifolia,4700
Vaccinium angustifolium,472369
Vaccinium corymbosum,69266
Vaccinium macrocarpon,13750
Vaccinium myrtilloides,1503870
Vaccinium oxycoccos,516948
Vaccinium pallidum,128905
Valeriana edulis,243120
Valeriana uliginosa,not found
Valerianella chenopodifolia,not found
Valerianella umbilicata,368330
Vallisneria americana,29649
Veratrum virginicum,117928
Verbena bracteata,39417
Verbena hastata,443381
Verbena simplex,not found
Verbena stricta,568212
Verbena urticifolia,140036
Verbena x,not found
Verbesina alternifolia,not found
Vernonia fasciculata,434698
Vernonia gigantea,211149
Vernonia missurica,434703
Veronica americana,932108
Veronica anagallis-aquatica,74693
Veronica peregrina,165341
Veronica scutellata,195138
Veronicastrum virginicum,165346
Viburnum acerifolium,4205
Viburnum lentago,61590
Viburnum nudum,237950
Viburnum opulus,85293
Viburnum prunifolium,237954
Viburnum raflnesquianum,not found
Vicia americana,200966
Vicia caroliniana,482954
Viola affinis,97414
Viola blanda,97418
Viola canadensis,97421
Viola cucullata,97424
Viola flmbriatula,not found
Viola labradorica,502515
Viola lanceolata,1017135
Viola macloskeyi,97435
Viola missouriensis,not found
Viola nephrophylla,not found
Viola palmata,1620210
Viola pedata,97442
Viola pedatifida,1234509
Viola primulifolia,1017141
Viola pubescens,97445
Viola rostrata,932109
Viola sagittata,1017145
Viola septentrionalis,not found
Viola sororia,13758
Viola striata,97454
Viola subsinuata,not found
Vitis aestivalis,3605
Vitis labrusca,103355
Vitis riparia,96939
Vitis vulpina,754105
Vulpia octoflora,464087
Wolffia brasiliensis,161114
Wolffia columbiana,161115
Wolffiella gladiata,161124
Woodsia obtusa,29611
Woodwardia areolata,120726
Woodwardia virginica,120733
Xyris difformis,101606
Xyris torta,not found
Zannichellia palustris,29654
Zanthoxylum americanum,354526
Zizania aquatica,75727
Zizia aptera,178718
Zizia aurea,40947
