Abelmoschus esculentus,455045
Abutilon theophrasti,3631
Acalypha gracilens,1620167
Acalypha rhomboidea,32204
Acalypha virginica,not found
Acanthopanax sieboldianus,257409
Acer campestre,66205
Acer ginnala,57656
Acer negundo,4023
Acer nigrum,291207
Acer platanoides,4025
Acer pseudoplatanus,4026
Acer rubrum,45314
Acer saccharinum,75745
Acer saccharum,4024
Achillea millefolium,13329
Achillea ptarmica,133233
Aconitum uncinatum,not found
Acorus americanus,263995
Acorus calamus,4465
Acroptilon repens,41466
Actaea pachypoda,64023
Actaea rubra,64024
Adiantum pedatum,29590
Adlumia fungosa,54423
Aegilops cylindrica,130456
Aegopodium podagraria,40902
Aesculus glabra,322042
Aesculus hippocastanum,43364
Aethusa cynapium,40954
Agalinis aspera,not found
Agalinis gattingeri,546846
Agalinis paupercula,546853
Agalinis purpurea,374692
Agalinis skinneriana,546854
Agalinis tenuifolia,282244
Agastache nepetoides,672814
Agastache scrophulariaefolia,672816
Ageratina altissima,102750
Agrimonia gryposepala,932091
Agrimonia parviflora,32217
Agrimonia pubescens,not found
Agrimonia rostellata,not found
Agrimonia striata,1503866
Agropyron cristatum,4593
Agropyron desertorum,382394
Agrostemma githago,39848
Agrostis capillaris,204232
Agrostis gigantea,345916
Agrostis hyemalis,481245
Agrostis perennans,568787
Agrostis scabra,345920
Agrostis stolonifera,63632
Ailanthus altissima,23810
Aira caryophyllea,336211
Ajuga genevensis,not found
Ajuga reptans,38596
Akebia quinata,13331
Alcea rosea,65557
Aletris farinosa,167569
Alisma subcordatum,365733
Alisma triviale,365734
Alliaria petiolata,126270
Allium burdickii,not found
Allium canadense,472403
Allium cepa,4679
Allium cernuum,70754
Allium flstulosum,not found
Allium mutabile,not found
Allium sativum,4682
Allium schoenoprasum,74900
Allium stellatum,74901
Allium tricoccum,138334
Allium vineale,1053326
Alnus glutinosa,3517
Alnus incana,3516
Alnus serrulata,253219
Alopecurus aequalis,114194
Alopecurus carolinianus,not found
Alopecurus geniculatus,114195
Alopecurus pratensis,15304
Althaea officinalis,145745
Alyssum alyssoides,169068
Amaranthus albus,124760
Amaranthus arenicola,1454533
Amaranthus blitoides,124761
Amaranthus caudatus,3567
Amaranthus cruentus,117272
Amaranthus hybridus,3565
Amaranthus hypochondriacus,28502
Amaranthus palmeri,107608
Amaranthus powellii,158579
Amaranthus retroflexus,124763
Amaranthus rudis,277990
Amaranthus spinosus,124765
Amaranthus tuberculatus,277990
Amberboa moschata,41472
Ambrosia artemisiifolia,4212
Ambrosia psilostachya,29715
Ambrosia tomentosa,not found
Ambrosia trifida,4214
Amelanchier arborea,52521
Amelanchier canadensis,52523
Amelanchier humilis,52529
Amelanchier interior,1143211
Amelanchier laevis,52531
Amelanchier sanguinea,52536
Ammannia robusta,1441980
Ammophila breviligulata,286491
Amorpha canescens,252450
Amorpha fruticosa,48131
Ampelamus albidus,185048
Ampelopsis brevipedunculata,178805
Amphiachyris dracunculoides,199495
Amphicarpaea bracteata,45679
Amsinckia menziesii,1213287
Amsinckia spectabilis,255598
Anagallis arvensis,4337
Anaphalis margaritacea,49045
Anchusa offlcinalis,not found
Andromeda polifolia,95630
Andropogon gerardii,79824
Andropogon hallii,1175856
Andropogon virginicus,1079125
Androsace occidentalis,522403
Anemone canadensis,167997
Anemone caroliniana,174160
Anemone cylindrica,1077387
Anemone patens,387931
Anemone quinquefolia,46976
Anemone virginiana,168008
Anethum graveolens,40922
Angelica atropurpurea,1405025
Anoda cristata,183227
Antennaria neglecta,49063
Antennaria plantaginifolia,49065
Anthemis arvensis,127977
Anthemis cotula,158220
Anthoxanthum odoratum,29661
Anthriscus caucalis,54826
Anthriscus cerefolium,40888
Anthriscus sylvestris,48027
Anthyllis vulneraria,118891
Anticlea elegans,164833
Antirrhinum majus,4151
Antirrhinum orontium,102599
Apera interrupta,388729
Apios americana,185702
Aplectrum hyemale,48520
Apocynum androsaemifolium,61254
Apocynum cannabinum,13339
Apocynum x,not found
Aquilegia canadensis,46964
Aquilegia vulgaris,3451
Arabidopsis lyrata,59689
Arabidopsis thaliana,3702
Arabis pycnocarpa,571367
Arachis hypogaea,3818
Aralia chinensis,43067
Aralia elata,82095
Aralia hispida,51236
Aralia nudicaulis,45207
Aralia racemosa,45208
Arctium lappa,4217
Arctium minus,143172
Arctium tomentosum,4218
Arctostaphylos uva-ursi,84009
Arenaria serpyllifolia,254029
Arethusa bulbosa,78701
Argemone albiflora,99307
Argemone mexicana,54796
Argentina anserina,57926
Arisaema dracontium,227496
Arisaema triphyllum,78371
Aristida basiramea,not found
Aristida dichotoma,348198
Aristida intermedia,not found
Aristida longespica,348219
Aristida oligantha,348227
Aristida purpurascens,348235
Aristida tuberculosa,348269
Armoracia rusticana,3704
Arnoglossum atriplicifolium,422314
Arnoglossum plantagineum,462386
Arnoglossum reniforme,not found
Aronia prunifolia,193298
Arrhenatherum elatius,52139
Artemisia abrotanum,86306
Artemisia absinthium,72332
Artemisia annua,35608
Artemisia biennis,206550
Artemisia carruthii,1227619
Artemisia caudata,1027776
Artemisia dracunculus,72341
Artemisia frigida,395280
Artemisia ludoviciana,86312
Artemisia serrata,200864
Artemisia vulgaris,4220
Aruncus dioicus,32220
Asarum canadense,28498
Asclepias amplexicaulis,659936
Asclepias exaltata,28506
Asclepias incarnata,330158
Asclepias lanuginosa,1549866
Asclepias longifolia,397860
Asclepias meadii,659976
Asclepias ovalifolia,659986
Asclepias perennis,528296
Asclepias purpurascens,528298
Asclepias speciosa,528299
Asclepias sullivantii,528302
Asclepias syriaca,48545
Asclepias tuberosa,141466
Asclepias verticillata,528305
Asclepias viridiflora,528306
Asimina triloba,12953
Asparagus officinalis,4686
Asperugo procumbens,581244
Asplenium platyneuron,210162
Asplenium rhizophyllum,244004
Astragalus agrestis,20402
Astragalus canadensis,20408
Astragalus cicer,20410
Astragalus crassicarpus,not found
Astragalus distortus,not found
Astragalus neglectus,90195
Astragalus tennesseensis,not found
Athyrium filix-femina,32110
Atriplex argentea,not found
Atriplex glabriuscula,880653
Atriplex hortensis,34272
Atriplex patula,3551
Atriplex rosea,3552
Aureolaria flava,1620021
Aureolaria grandiflora,1548296
Aureolaria pedicularia,282246
Aureolaria virginica,not found
Avena fatua,4499
Avena sativa,4498
Azolla cristata,1131306
Bacopa rotundifolia,631453
Ballota nigra,194200
Baptisia alba,313911
Baptisia australis,149633
Baptisia bracteata,313912
Baptisia tinctoria,49797
Barbarea verna,50458
Barbarea vulgaris,50459
Bartonia virginica,84868
Beckmannia syzigachne,368345
Belamcanda chinensis,58944
Bellis perennis,41492
Berberis canadensis,258147
Berberis thunbergii,121720
Berberis vulgaris,258209
Berteroa incana,228874
Berula erecta,54827
Besseya bullii,264893
Betula alleghaniensis,21017
Betula nigra,3508
Betula papyrifera,3507
Betula pendula,3505
Betula populifolia,216989
Betula pumila,284674
Bidens aristosa,1552225
Bidens beckii,51263
Bidens bipinnata,1527831
Bidens cernua,51265
Bidens discoidea,1567017
Bidens frondosa,51269
Bidens trichosperma,278099
Bidens tripartita,51276
Bidens vulgata,not found
Blephilia ciliata,182369
Blephilia hirsuta,182370
Boechera canadensis,347886
Boechera grahamii,1539861
Boechera laevigata,359822
Boechera missouriensis,486128
Boechera shortii,258509
Boechera stricta,72658
Boehmeria cylindrica,1503867
Boltonia asteroides,72904
Borago offlcinalis,not found
Bothriochloa laguroides,330553
Botrychium campestre,41918
Botrychium dissectum,93613
Botrychium matricariifolium,41915
Botrychium multifldum,not found
Botrychium simplex,41931
Botrychium virginianum,167744
Bouteloua curtipendula,110875
Bouteloua gracilis,48732
Bouteloua hirsuta,253226
Brachyelytrum erectum,38700
Brasenia schreberi,4424
Brassica juncea,3707
Brassica napus,3708
Brassica nigra,3710
Brassica rapa,3711
Brickellia eupatorioides,102754
Bromus arvensis,55764
Bromus brizaeformis,not found
Bromus carinatus,254121
Bromus ciliatus,254123
Bromus commutatus,55773
Bromus hordeaceus,52147
Bromus inermis,15371
Bromus kalmii,254131
Bromus latiglumis,254136
Bromus marginatus,254138
Bromus pubescens,254147
Bromus racemosus,55767
Bromus secalinus,4502
Bromus squarrosus,55762
Bromus sterilis,55777
Bromus tectorum,29667
Brunnera macrophylla,34249
Buchloe dactyloides,160577
Buchnera americana,1325706
Buglossoides arvense,181181
Bulbostylis capillaris,not found
Butomus umbellatus,50236
Cakile edentula,349956
Calamagrostis canadensis,52148
Calamagrostis stricta,497295
Calamovilfa longifolia,33108
Calibrachoa parviflora,352208
Calla palustris,45007
Callirhoe alcaeoides,not found
Callirhoe digitata,148939
Callirhoe involucrata,108539
Callirhoe triangulata,not found
Callitriche heterophylla,13381
Callitriche palustris,669641
Calopogon oklahomensis,160949
Calopogon tuberosus,78712
Caltha palustris,3449
Calylophus serrulatus,not found
Calyptocarpus vialis,53717
Calystegia hederacea,480913
Calystegia sepium,47519
Calystegia spithamaea,1428840
Camassia scilloides,39524
Camelina microcarpa,71324
Camelina sativa,90675
Campanula aparinoides,428155
Campanula rapunculoides,209536
Campanula rotundifolia,239422
Campanulastrum americanum,239430
Campsis radicans,83937
Cannabis sativa,3483
Capsella bursa-pastoris,3719
Cardamine bulbosa,109593
Cardamine concatenata,109596
Cardamine diphylla,109597
Cardamine douglassii,558114
Cardamine hirsuta,50463
Cardamine impatiens,82286
Cardamine parviflora,352371
Cardamine pensylvanica,65946
Cardamine pratensis,50465
Cardaria pubescens,153319
Carduus acanthoides,416131
Carduus nutans,92906
Carex abdita,not found
Carex acutiformis,140783
Carex aggregata,432975
Carex alata,314396
Carex albicans,69846
Carex albolutescens,314397
Carex albursina,312728
Carex alopecoidea,432976
Carex amphibola,330162
Carex annectens,432977
Carex aquatilis,140788
Carex arctata,69847
Carex argyrantha,314399
Carex atherodes,912382
Carex atlantica,432979
Carex aurea,140789
Carex bebbii,314400
Carex bicknellii,140791
Carex blanda,69851
Carex brevior,314401
Carex bromoides,240666
Carex brunnescens,240691
Carex bushii,912396
Carex buxbaumii,241202
Carex canescens,140796
Carex careyana,69852
Carex cephaloidea,312731
Carex cephalophora,100277
Carex chordorrhiza,240692
Carex communis,140800
Carex comosa,312735
Carex conjuncta,432985
Carex conoidea,653368
Carex crawei,912406
Carex crawfordii,314409
Carex crinita,312737
Carex cristatella,314410
Carex crus-corvi,312738
Carex cryptolepis,483227
Carex cumulata,314411
Carex davisii,912412
Carex debilis,140802
Carex deweyana,69854
Carex diandra,140803
Carex digitalis,140804
Carex disperma,312740
Carex duriuscula,69871
Carex eburnea,140807
Carex echinata,234467
Carex emmonsii,not found
Carex emoryi,657472
Carex festucacea,314419
Carex flava,140816
Carex folliculata,312743
Carex formosa,912429
Carex frankii,912430
Carex garberi,912431
Carex glaucodea,653371
Carex gracilescens,912437
Carex gracillima,140820
Carex granularis,418164
Carex gravida,472443
Carex grayi,100279
Carex grisea,653373
Carex haydenii,314425
Carex hirsutella,912445
Carex hirta,15193
Carex hirtifolia,312746
Carex hitchcockiana,312747
Carex hystericina,312748
Carex interior,203791
Carex intumescens,312749
Carex jamesii,69870
Carex lacustris,912454
Carex laeviconica,912455
Carex laevivaginata,312750
Carex lasiocarpa,241213
Carex laxiculmis,912457
Carex laxiflora,69859
Carex leavenworthii,140826
Carex leptalea,100281
Carex leptonervia,912462
Carex limosa,140829
Carex longii,314432
Carex lupuliformis,912466
Carex lupulina,140830
Carex lurida,140831
Carex meadii,912471
Carex mesochorea,432998
Carex molesta,314438
Carex muehlenbergii,312756
Carex muskingumensis,240673
Carex nebrascensis,657483
Carex nigromarginata,247934
Carex normalis,314441
Carex oligocarpa,312758
Carex oligosperma,312759
Carex pallescens,140842
Carex pauciflora,140843
Carex peckii,69861
Carex pedunculata,140846
Carex pellita,912486
Carex pensylvanica,69862
Carex plantaginea,69863
Carex platyphylla,912492
Carex praegracilis,314455
Carex prairea,314456
Carex prasina,140851
Carex praticola,314457
Carex projecta,312761
Carex pseudocyperus,241227
Carex radiata,312763
Carex retrorsa,312764
Carex richardsonii,912499
Carex rosea,312766
Carex rugosperma,69865
Carex sartwellii,314462
Carex scabrata,312767
Carex scoparia,314463
Carex seorsa,433008
Carex shortiana,312769
Carex siccata,240668
Carex sparganioides,418181
Carex spicata,240682
Carex sprengelii,912512
Carex squarrosa,312770
Carex sterilis,433011
Carex stipata,240665
Carex straminea,314471
Carex stricta,301498
Carex suberecta,314474
Carex swanii,312772
Carex tenera,314416
Carex tenuiflora,312774
Carex tetanica,912518
Carex texensis,433013
Carex tonsa,299770
Carex torreyi,140860
Carex torta,140861
Carex tribuloides,312775
Carex trichocarpa,312776
Carex trisperma,312777
Carex tuckermanii,312778
Carex typhina,140862
Carex utriculata,912523
Carex vaginata,241235
Carex vesicaria,241236
Carex virescens,312780
Carex viridula,241237
Carex vulpinoidea,140866
Carex woodii,912529
Carex x,not found
Carpinus caroliniana,12991
Carthamus tinctorius,4222
Carum carvi,48032
Carya cordiformis,139928
Carya laciniosa,1370058
Carya ovalis,13403
Carya ovata,60418
Carya tomentosa,91227
Castanea dentata,134033
Castilleja coccinea,374697
Castilleja sessiliflora,1229048
Catalpa speciosa,155717
Caulophyllum thalictroides,46963
Ceanothus americanus,54778
Ceanothus herbaceus,73683
Celastrus orbiculatus,85181
Celastrus scandens,123407
Celosia argentea,46112
Celtis occidentalis,228587
Celtis tenuifolia,not found
Cenchrus longispinus,not found
Centaurea calcitrapa,41511
Centaurea cyanus,41522
Centaurea diffusa,124929
Centaurea jacea,351340
Centaurea montana,41537
Centaurea nigra,75633
Centaurea nigrescens,1308045
Centaurea phrygia,910632
Centaurea stoebe,72152
Centaurium erythraea,172057
Centaurium pulchellum,172069
Cephalanthus occidentalis,43461
Cerastium brachypodum,271593
Cerastium fontanum,230722
Cerastium glomeratum,3580
Cerastium nutans,271579
Cerastium pumilum,271565
Cerastium semidecandrum,271564
Cerastium tomentosum,271552
Cerastium velutinum,271555
Ceratophyllum demersum,4428
Ceratophyllum echinatum,251681
Cercis canadensis,49801
Chaenorrhinum minus,105913
Chaerophyllum procumbens,109108
Chaiturus marrubiastrum,694349
Chamaecrista fasciculata,53854
Chamaecrista nictitans,225969
Chamaedaphne calyculata,13417
Chamaemelum nobile,99037
Chamaesyce geyeri,not found
Chamaesyce glyptosperma,not found
Chamaesyce humistrata,not found
Chamaesyce maculata,216479
Chamaesyce nutans,216481
Chamaesyce polygonifolia,not found
Chamaesyce prostrata,212836
Chamaesyce serpens,212745
Chamaesyce serpyllifolia,932095
Chamaesyce vermiculata,not found
Chamerion angustifolium,13055
Chasmanthium latifolium,38735
Chelidonium majus,71251
Chelone glabra,262425
Chelone obliqua,46064
Chenopodium album,3559
Chenopodium bonus-henricus,122298
Chenopodium capitatum,669655
Chenopodium glaucum,244509
Chenopodium leptophyllum,910633
Chenopodium murale,46091
Chenopodium rubrum,3560
Chenopodium simplex,932096
Chenopodium standleyanum,1072230
Chenopodium urbicum,880706
Chimaphila maculata,93813
Chimaphila umbellata,93815
Chionanthus virginicus,126363
Chloris verticillata,not found
Chondrilla juncea,75963
Chorispora tenella,358662
Chrysopsis camporum,not found
Chrysosplenium americanum,36749
Cichorium intybus,13427
Cicuta bulbifera,254035
Cicuta maculata,178650
Cimicifuga racemosa,64040
Cinna arundinacea,568985
Circaea alpina,22655
Circaea canadensis,253508
Cirsium altissimum,1308046
Cirsium arvense,41550
Cirsium discolor,196712
Cirsium flodmanii,1261133
Cirsium muticum,196730
Cirsium pitcheri,196734
Cirsium pumilum,1261135
Cirsium undulatum,1234499
Cirsium vulgare,92907
Citrullus lanatus,3654
Cladium mariscoides,906947
Claytonia virginica,89079
Clematis integrifolia,218853
Clematis pitcheri,748707
Clematis terniflora,231663
Clematis virginiana,743734
Cleome serrulata,377454
Clinopodium arkansanum,980656
Clinopodium vulgare,204222
Clintonia borealis,34183
Coeloglossum viride,230577
Coincya monensis,55965
Coleataenia anceps,206010
Coleataenia longifolia,not found
Coleataenia rigidula,not found
Collinsia verna,183438
Collinsonia canadensis,39289
Collomia linearis,40761
Comandra umbellata,50119
Comarum palustre,57932
Commelina communis,4744
Commelina erecta,428228
Comptonia peregrina,29742
Conioselinum chinense,52460
Conium maculatum,13447
Conoclinium coelestinum,102761
Conopholis americana,4179
Conringia orientalis,228876
Consolida ajacis,37494
Consolida regalis,984867
Convallaria majalis,32189
Convolvulus arvensis,4123
Coptis trifolia,38790
Corallorhiza maculata,48526
Corallorhiza odontorhiza,459589
Corallorhiza trifida,451881
Corallorhiza wisteriana,459594
Coreopsis basalis,159655
Coreopsis grandiflora,13449
Coreopsis lanceolata,159666
Coreopsis palmata,159674
Coreopsis tinctoria,41554
Coreopsis tripteris,159685
Coriandrum sativum,4047
Corispermum hyssopifolium,1151092
Cornus alba,367337
Cornus alternifolia,16902
Cornus canadensis,4282
Cornus drummondii,367342
Cornus florida,4283
Cornus obliqua,16904
Cornus racemosa,4284
Cornus rugosa,367353
Corydalis aurea,not found
Corydalis flavula,330165
Corydalis micrantha,1394143
Corydalis sempervirens,3464
Corylus americana,78632
Corylus cornuta,13452
Corynephorus canescens,388701
Cosmos bipinnatus,51277
Cosmos sulphureus,459758
Cota tinctoria,99028
Cotinus coggygria,269719
Cotoneaster acutifolia,not found
Cotoneaster divaricata,not found
Cotoneaster magnificus,not found
Cotoneaster multiflora,not found
Crataegus calpodendron,416281
Crataegus chrysocarpa,510715
Crataegus crus-galli,216036
Crataegus flabellata,510723
Crataegus intricata,not found
Crataegus mollis,36593
Crataegus monogyna,140997
Crataegus pedicellata,not found
Crataegus phaenopyrum,416292
Crataegus pruinosa,not found
Crataegus punctata,416294
Crataegus succulenta,1143232
Crepis capillaris,13465
Crepis tectorum,55615
Crotalaria sagittalis,not found
Croton capitatus,323035
Croton glandulosus,323052
Croton lindheimerianus,504215
Croton monanthogynus,504225
Crypsis schoenoides,416027
Cryptogramma stelleri,377231
Cryptotaenia canadensis,54828
Cucumis melo,3656
Cucurbita foetidissima,184136
Cuphea viscosissima,857185
Cuscuta campestris,132261
Cuscuta cephalanthi,267556
Cuscuta compacta,267558
Cuscuta coryli,437251
Cuscuta glomerata,113197
Cuscuta gronovii,35886
Cuscuta pentagona,112407
Cuscuta polygonorum,437289
Cyclachaena xanthiifolia,not found
Cycloloma atriplicifolium,46098
Cymbalaria muralis,4166
Cynodon dactylon,28909
Cynoglossum offlcinale,not found
Cynoglossum virginianum,1288187
Cyperus acuminatus,1350059
Cyperus bipartitus,not found
Cyperus dentatus,not found
Cyperus diandrus,not found
Cyperus echinatus,1053341
Cyperus erythrorhizos,330166
Cyperus esculentus,1053340
Cyperus flavescens,76497
Cyperus houghtonii,not found
Cyperus lupulinus,932097
Cyperus odoratus,388568
Cyperus schweinitzii,not found
Cyperus squarrosus,140880
Cyperus strigosus,529434
Cypripedium acaule,38191
Cypripedium arietinum,153602
Cypripedium candidum,442461
Cypripedium parviflorum,153603
Cypripedium reginae,53051
Cypripedium x,not found
Cystopteris bulbifera,1328777
Cystopteris fragilis,32112
Cystopteris protrusa,1328783
Cystopteris tenuis,1328787
Dactylis glomerata,4509
Dalea candida,252452
Dalea enneandra,not found
Dalea foliosa,not found
Dalea leporina,457896
Dalea purpurea,248511
Danthonia spicata,42048
Dasiphora fruticosa,32239
Dasistoma macrophylla,282250
Datura stramonium,4076
Datura wrightii,434267
Daucus carota,4039
Decodon verticillatus,162018
Delphinium tricorne,158006
Dendrolycopodium obscurum,62333
Deparia acrostichoides,1108166
Deschampsia caespitosa,37723
Deschampsia flexuosa,29672
Descurainia pinnata,110556
Descurainia sophia,89411
Desmanthus illinoensis,196648
Desmodium canadense,932098
Desmodium canescens,556502
Desmodium ciliare,1549122
Desmodium cuspidatum,556504
Desmodium glabellum,not found
Desmodium glutinosum,556505
Desmodium illinoense,not found
Desmodium marilandicum,1549123
Desmodium nudiflorum,556507
Desmodium obtusum,not found
Desmodium paniculatum,343495
Desmodium rotundifolium,1089624
Desmodium sessilifolium,not found
Dianthus armeria,645197
Dianthus barbatus,278075
Dianthus deltoides,202448
Dianthus plumarius,129770
Diarrhena americana,65976
Dicentra canadensis,581247
Dicentra cucullaria,417911
Dichanthelium acuminatum,220438
Dichanthelium boreale,not found
Dichanthelium clandestinum,220419
Dichanthelium commutatum,888266
Dichanthelium depauperatum,888267
Dichanthelium dichotomum,795688
Dichanthelium latifolium,1262105
Dichanthelium leibergii,not found
Dichanthelium linearifolium,1262106
Dichanthelium meridionale,not found
Dichanthelium oligosanthes,888268
Dichanthelium ovale,not found
Dichanthelium perlongum,not found
Dichanthelium portoricense,1620044
Dichanthelium sphaerocarpon,1620046
Dichanthelium spretum,not found
Dichanthelium wilcoxianum,not found
Didiplis diandra,907228
Diervilla lonicera,79606
Digitalis grandiflora,38791
Digitaria ciliaris,66018
Digitaria flliformis,not found
Digitaria ischaemum,261599
Digitaria sanguinalis,121769
Diodia teres,497229
Dioscorea villosa,330167
Diphasiastrum complanatum,34168
Diphasiastrum tristachyum,37432
Diplazium pycnocarpon,93615
Diplotaxis muralis,360583
Diplotaxis tenuifolia,264416
Dipsacus fullonum,183561
Dipsacus laciniatus,398307
Dirca palustris,39989
Distichlis spicata,38594
Dodecatheon meadia,59976
Doellingeria umbellata,72927
Draba brachycarpa,311920
Draba reptans,95427
Draba verna,161951
Dracocephalum parviflorum,1150285
Dracopis amplexicaulis,52290
Drosera intermedia,463625
Drosera rotundifolia,173423
Drymocallis arguta,57927
Dryopteris carthusiana,239555
Dryopteris celsa,1082683
Dryopteris clintoniana,1082684
Dryopteris cristata,32114
Dryopteris fllix-mas,not found
Dryopteris goldiana,207840
Dryopteris intermedia,207841
Dryopteris marginalis,449839
Dulichium arundinaceum,100290
Dysphania ambrosioides,330163
Dysphania botrys,240045
Dyssodia papposa,169576
Echinacea pallida,53749
Echinacea purpurea,53751
Echinochloa colona,90396
Echinochloa crus-galli,90397
Echinochloa walteri,458535
Echinocystis lobata,252533
Echinodorus berteroi,430087
Echinops sphaerocephalus,92910
Echium vulgare,34253
Eclipta prostrata,53719
Egeria densa,55453
Eichhornia crassipes,44947
Elaeagnus angustifolia,36777
Elaeagnus umbellata,43233
Eleocharis acicularis,280053
Eleocharis compressa,756498
Eleocharis elliptica,863328
Eleocharis engelmannii,110285
Eleocharis equisetoides,110286
Eleocharis geniculata,110288
Eleocharis intermedia,863332
Eleocharis melanocarpa,110290
Eleocharis microcarpa,110291
Eleocharis obtusa,110294
Eleocharis olivacea,not found
Eleocharis palustris,110297
Eleocharis quadrangulata,529437
Eleocharis quinqueflora,46325
Eleocharis robbinsii,110302
Eleocharis rostellata,110303
Eleocharis tenuis,863360
Eleocharis wolfii,not found
Eleusine indica,29674
Ellisia nyctelea,79343
Elodea canadensis,100364
Elodea nuttallii,55313
Elyhordium x,not found
Elymus canadensis,29675
Elymus hystrix,145781
Elymus repens,52152
Elymus riparius,145779
Elymus trachycaulus,52709
Elymus villosus,not found
Elymus virginicus,145780
Elytrigia elongata,4588
Endodeca serpentaria,not found
Enemion biternatum,46967
Epifagus virginiana,4177
Epigaea repens,45914
Epilobium ciliatum,33132
Epilobium coloratum,932100
Epilobium hirsutum,210355
Epilobium leptophyllum,1233960
Epilobium palustre,669682
Epilobium parviflorum,644182
Epilobium strictum,not found
Epipactis helleborine,28472
Equisetum arvense,3258
Equisetum fluviatile,231680
Equisetum hyemale,3262
Equisetum laevigatum,223814
Equisetum palustre,113538
Equisetum scirpoides,3261
Equisetum sylvaticum,231679
Equisetum variegatum,231678
Equisetum x,not found
Eragrostis capillaris,not found
Eragrostis cilianensis,48734
Eragrostis frankii,not found
Eragrostis hypnoides,270244
Eragrostis mexicana,208280
Eragrostis minor,110886
Eragrostis pectinacea,433869
Eragrostis reptans,270246
Eragrostis spectabilis,888271
Eragrostis trichodes,186094
Erianthus ravennae,65978
Erigenia bulbosa,63005
Erigeron annuus,91248
Erigeron canadensis,72917
Erigeron divaricatus,not found
Erigeron philadelphicus,72930
Erigeron pulchellus,91287
Erigeron strigosus,91296
Eriocaulon aquaticum,72646
Eriochloa contracta,not found
Eriochloa villosa,1043330
Eriogonum annuum,1214293
Eriophorum angustifolium,100292
Eriophorum gracile,388570
Eriophorum vaginatum,76438
Eriophorum virginicum,1540056
Eriophorum viridicarinatum,46327
Erodium cicutarium,301481
Erucastrum gallicum,180538
Eryngium planum,43071
Eryngium yuccifolium,90460
Erysimum capitatum,220481
Erysimum cheiranthoides,330168
Erysimum hieracifolium,155756
Erysimum inconspicuum,910636
Erysimum repandum,369001
Erythronium albidum,134856
Erythronium americanum,202119
Eschscholtzia californica,3467
Euonymus alatus,4307
Euonymus atropurpureus,482937
Euonymus bungeanus,4309
Euonymus europaeus,123417
Euonymus hamiltonianus,408194
Euonymus hederaceus,255352
Euonymus obovatus,not found
Eupatorium altissimum,102769
Eupatorium perfoliatum,102777
Eupatorium serotinum,103756
Eupatorium sessilifolium,102779
Euphorbia commutata,1333898
Euphorbia corollata,457242
Euphorbia cyparissias,38844
Euphorbia esula,3993
Euphorbia helioscopia,154990
Euphorbia heterophylla,212910
Euphorbia marginata,28955
Euphorbia obtusata,not found
Euphorbia peplus,38846
Eurybia furcata,481917
Eurybia macrophylla,481921
Eurybia schreberi,481928
Euthamia caroliniana,199513
Euthamia graminifolia,72935
Euthamia gymnospermoides,not found
Eutrochium fistulosum,102764
Eutrochium maculatum,102765
Eutrochium purpureum,102766
Evolvulus nuttallianus,197389
Fagopyrum esculentum,3617
Fagus grandifolia,60423
Fallopia cilinodis,105046
Fallopia convolvulus,76029
Fallopia sachalinensis,76036
Fallopia scandens,76037
Fatoua villosa,66391
Festuca flliformis,not found
Festuca ovina,98750
Festuca paradoxa,not found
Festuca rubra,52153
Festuca saximontana,464078
Festuca subverticillata,391970
Ficaria verna,79245
Filipendula rubra,not found
Filipendula ulmaria,57917
Fimbristylis autumnalis,372897
Fimbristylis puberula,1620055
Floerkea proserpinacoides,13531
Foeniculum vulgare,48038
Forsythia x,not found
Fragaria vesca,57918
Fragaria virginiana,101015
Frangula alnus,106677
Frasera caroliniensis,485363
Fraxinus americana,38872
Fraxinus nigra,56031
Fraxinus pennsylvanica,56036
Fraxinus profunda,757440
Fraxinus quadrangulata,56032
Froelichia floridana,46114
Froelichia gracilis,169208
Fuirena pumila,906954
Fumaria offlcinalis,not found
Gaillardia pulchella,128738
Galearis spectabilis,256339
Galeopsis ladanum,1030043
Galeopsis tetrahit,1000418
Galinsoga parviflora,176602
Galinsoga quadriradiata,183030
Galium aparine,29788
Galium asprellum,1503868
Galium boreale,35896
Galium brevipes,not found
Galium circaezans,715667
Galium concinnum,1405026
Galium labradoricum,not found
Galium lanceolatum,932101
Galium mollugo,254777
Galium obtusum,792624
Galium odoratum,35899
Galium pedemontanum,not found
Galium pilosum,715705
Galium sylvaticum,581248
Galium tinctorium,715720
Galium trifidum,669698
Galium triflorum,715723
Galium verum,462873
Gamochaeta purpurea,318055
Gaultheria hispidula,157511
Gaultheria procumbens,157519
Gaura biennis,260689
Gaura coccinea,260692
Gaura fllipes,not found
Gaura longiflora,260694
Gaura parviflora,238273
Gaylussacia baccata,128893
Gentiana alba,not found
Gentiana andrewsii,932102
Gentiana puberulenta,not found
Gentiana saponaria,984480
Gentiana septemflda,not found
Gentianella quinquefolia,137117
Gentianopsis crinita,84894
Gentianopsis virgata,not found
Geranium bicknellii,379936
Geranium carolinianum,554690
Geranium columbinum,379943
Geranium dissectum,326028
Geranium maculatum,not found
Geranium molle,581251
Geranium nepalense,54667
Geranium pusillum,122182
Geranium robertianum,122183
Geum aleppicum,714473
Geum canadense,350588
Geum laciniatum,not found
Geum rivale,148897
Geum triflorum,148890
Geum urbanum,57919
Geum vernum,148900
Geum virginianum,not found
Ginkgo biloba,3311
Glandularia canadensis,463117
Glandularia peruviana,680443
Glechoma hederacea,28509
Gleditsia triacanthos,54874
Glyceria borealis,37676
Glyceria canadensis,388677
Glyceria declinata,52154
Glyceria grandis,79847
Glyceria maxima,388680
Glyceria septentrionalis,388684
Glyceria striata,37677
Glycine max,3847
Glycyrrhiza lepidota,47080
Gnaphalium uliginosum,702247
Goodyera pubescens,78780
Gossypium hirsutum,3635
Gratiola aurea,438840
Gratiola neglecta,307731
Gratiola quartermaniae,not found
Gratiola virginiana,307729
Grindelia squarrosa,1114761
Gymnocarpium dryopteris,32116
Gymnocladus dioicus,53883
Gypsophila paniculata,235358
Gypsophila scorzonerifolia,1137866
Hackelia virginiana,1452876
Hamamelis virginiana,4397
Hedeoma hispida,not found
Hedeoma pulegioides,1547260
Hedera helix,4052
Helenium amarum,289417
Helenium autumnale,138408
Helenium flexuosum,53721
Helianthemum bicknellii,not found
Helianthemum canadense,1085672
Helianthus annuus,4232
Helianthus decapetalus,73283
Helianthus divaricatus,73285
Helianthus giganteus,73288
Helianthus grosseserratus,73291
Helianthus hirsutus,73293
Helianthus maximilianii,not found
Helianthus mollis,73299
Helianthus occidentalis,73303
Helianthus pauciflorus,382521
Helianthus petiolaris,4234
Helianthus salicifolius,73310
Helianthus strumosus,382522
Helianthus subrhomboideus,not found
Helianthus tuberosus,4233
Helianthus x,not found
Heliopsis helianthoides,53723
Heliotropium europaeum,168345
Hemerocallis fulva,34190
Hemerocallis lilio-asphodelus,49697
Hepatica acutiloba,387276
Hepatica americana,46980
Heracleum mantegazzianum,380077
Heracleum maximum,40918
Herniaria glabra,115624
Heserostipa comata,not found
Heserostipa spartea,not found
Hesperis matronalis,264418
Heteranthera dubia,44955
Heterotheca subaxillaris,427640
Heuchera americana,100307
Heuchera richardsonii,423499
Hibiscus laevis,241595
Hibiscus moscheutos,241598
Hibiscus syriacus,106335
Hibiscus trionum,183268
Hieracium aurantiacum,221188
Hieracium caespitosum,221190
Hieracium flagellare,378945
Hieracium gronovii,378948
Hieracium longipilum,122536
Hieracium paniculatum,883012
Hieracium piloselloides,102746
Hieracium scabrum,269357
Hieracium umbellatum,268065
Hieracium vulgatum,not found
Hierochloe odorata,286619
Hippuris vulgaris,39321
Holcus lanatus,29679
Holosteum umbellatum,325497
Hordeum brachyantherum,52712
Hordeum jubatum,4517
Hordeum marinum,4519
Hordeum pusillum,38857
Hordeum vulgare,4513
Hosta lancifolia,13091
Houstonia caerulea,120133
Houstonia longifolia,60373
Hudsonia tomentosa,255346
Humulus japonicus,3485
Humulus lupulus,3486
Huperzia lucidula,37429
Huperzia porophila,not found
Hybanthus concolor,97458
Hydrangea arborescens,96933
Hydrastis canadensis,13569
Hydrocotyle ranunculoides,554380
Hydrocotyle umbellata,1475409
Hydrophyllum appendiculatum,not found
Hydrophyllum canadense,85212
Hydrophyllum virginianum,4134
Hylotelephium telephium,91097
Hylotelephium x,not found
Hymenopappus scabiosaeus,1620118
Hyoscyamus niger,4079
Hypericum adpressum,268975
Hypericum ascyron,210378
Hypericum boreale,282535
Hypericum canadense,1136960
Hypericum fraseri,999596
Hypericum gentianoides,1136978
Hypericum gymnanthum,1053356
Hypericum kalmianum,473045
Hypericum majus,1321336
Hypericum mutilum,330172
Hypericum perforatum,65561
Hypericum prolificum,269015
Hypericum punctatum,269017
Hypericum sphaerocarpum,269020
Hypericum virginicum,198791
Hypochaeris radicata,58656
Hypoxis hirsuta,142856
Ilex verticillata,185559
Iliamna remota,139629
Impatiens balsamina,63779
Impatiens capensis,55378
Impatiens pallida,35940
Inula helenium,55635
Iodanthus pinnatifidus,359856
Ionactis linariifolius,not found
Ipomoea coccinea,28523
Ipomoea hederacea,43178
Ipomoea lacunosa,89647
Ipomoea pandurata,89654
Ipomoea purpurea,4121
Ipomopsis rubra,493298
Iris flavescens,not found
Iris pseudacorus,82213
Iris pumila,995819
Iris sibirica,198826
Iris virginica,292533
Iris x,not found
Isanthus brachiatus,201517
Isatis tinctoria,161756
Isoetes butleri,264931
Isoetes melanopoda,13839
Isolepis cernua,76455
Isotria medeoloides,256363
Isotria verticillata,78788
Iva annua,1306930
Jacquemontia tamnifolia,112277
Jeffersonia diphylla,46961
Juglans cinerea,91214
Juglans nigra,16719
Juncus acuminatus,1620122
Juncus alpinoarticulatus,253143
Juncus anthelatus,not found
Juncus articulatus,223654
Juncus balticus,223655
Juncus brachycarpus,576194
Juncus brachycephalus,308411
Juncus bufonius,223656
Juncus canadensis,308403
Juncus compressus,223661
Juncus diffusissimus,308412
Juncus dudleyi,308393
Juncus effusus,13579
Juncus gerardii,223665
Juncus greenei,not found
Juncus interior,308392
Juncus marginatus,1620123
Juncus militaris,not found
Juncus nodatus,not found
Juncus nodosus,308406
Juncus pelocarpus,308400
Juncus scirpoides,308409
Juncus tenuis,932103
Juncus torreyi,932104
Juncus vaseyi,not found
Juniperus communis,58039
Juniperus horizontalis,669713
Juniperus virginiana,39584
Justicia americana,28522
Kallstroemia parviflora,228646
Kalmia angustifolia,45901
Kickxia elatine,105588
Kochia scoparia,83154
Koeleria macrantha,366481
Krigia biflora,19019
Krigia virginica,19025
Kummerowia stipulacea,53891
Kummerowia striata,466223
Lactuca biennis,883013
Lactuca canadensis,527214
Lactuca floridana,883014
Lactuca hirsuta,883011
Lactuca ludoviciana,not found
Lactuca saligna,75948
Lactuca serriola,75943
Lamium amplexicaule,53160
Lamium galeobdolon,53161
Lamium maculatum,53163
Lamium purpureum,53164
Laportea canadensis,194269
Lappula occidentalis,1288202
Lappula squarrosa,203740
Lapsana communis,268080
Larix decidua,71402
Larix laricina,3326
Lathyrus japonicus,154493
Lathyrus latifolius,154494
Lathyrus ochroleucus,1234501
Lathyrus palustris,313104
Lathyrus tuberosus,49829
Lathyrus venosus,1276802
Lechea intermedia,1441988
Lechea minor,1620128
Lechea mucronata,1620129
Lechea pulchella,1620130
Lechea racemulosa,not found
Lechea stricta,not found
Lechea tenuifolia,not found
Leersia lenticularis,not found
Leersia oryzoides,35712
Leersia virginica,38706
Lemna aequinoctialis,161097
Lemna gibba,4470
Lemna minor,4472
Lemna minuta,161101
Lemna obscura,161102
Lemna perpusilla,161103
Lemna trisulca,161105
Lemna turionifera,161106
Lemna valdiviana,161107
Lens culinaris,3864
Leontodon saxatilis,122540
Leonurus cardiaca,587664
Leonurus sibiricus,405945
Lepidium campestre,65351
Lepidium densiflorum,200329
Lepidium didymum,398450
Lepidium draba,153317
Lepidium latifolium,153343
Lepidium perfoliatum,153358
Lepidium ruderale,153365
Lepidium sativum,33125
Lepidium virginicum,59292
Leptochloa acuminata,not found
Leptoloma cognatum,not found
Lespedeza capitata,571920
Lespedeza cuneata,53893
Lespedeza hirta,466224
Lespedeza intermedia,556515
Lespedeza leptostachya,571921
Lespedeza thunbergii,556517
Lespedeza violacea,701552
Lespedeza virginica,701553
Leucanthemum vulgare,99072
Leucojum aestivum,54835
Leucospora multifida,438423
Leymus arenarius,220462
Liatris aspera,983213
Liatris cylindracea,301150
Liatris punctata,344074
Liatris pycnostachya,983228
Liatris scariosa,983229
Liatris spicata,886939
Ligustrum obtusifolium,178760
Ligustrum vulgare,13597
Lilium lancifolium,79002
Lilium michiganense,84049
Lilium philadelphicum,84056
Linaria genistifolia,309346
Linaria vulgaris,43171
Lindera benzoin,55958
Lindernia dubia,438434
Linnaea borealis,77623
Linum intercursum,not found
Linum medium,1620133
Linum perenne,35941
Linum striatum,586394
Linum sulcatum,610154
Linum usitatissimum,4006
Linum virginianum,not found
Liparis lilifolia,78794
Liparis loeselii,226209
Lipocarpha drummondii,1287961
Lipocarpha micrantha,1234527
Liquidambar styraciflua,4400
Liriodendron tulipifera,3415
Lithospermum canescens,650305
Lithospermum croceum,not found
Lithospermum incisum,543573
Lithospermum latifolium,475905
Lithospermum offlcinale,not found
Lobelia cardinalis,76578
Lobelia inflata,308559
Lobelia kalmii,368688
Lobelia siphilitica,330173
Lobelia spicata,1441989
Lobularia maritima,226051
Lolium perenne,4522
Lolium temulentum,34176
Lonicera canadensis,350584
Lonicera dioica,486665
Lonicera hirsuta,566142
Lonicera japonica,105884
Lonicera maackii,51255
Lonicera morrowii,255350
Lonicera oblongifolia,566149
Lonicera reticulata,180182
Lonicera ruprechtiana,447675
Lonicera sempervirens,134522
Lonicera subsessilis,486687
Lonicera tatarica,447676
Lonicera x,not found
Lonicera xylosteum,439142
Lotus corniculatus,47247
Lotus unifoliolatus,181289
Ludwigia alternifolia,330174
Ludwigia palustris,376201
Ludwigia peploides,13119
Ludwigia polycarpa,1081046
Ludwigia sphaerocarpa,1081047
Lunaria annua,153659
Lupinus perennis,53236
Lupinus polyphyllus,3874
Luzula acuminata,203794
Luzula luzuloides,318444
Luzula multiflora,178423
Lycium barbarum,112863
Lycium chinense,112883
Lycopersicon esculentum,4081
Lycopodiella inundata,37431
Lycopodium clavatum,3252
Lycopus americanus,932105
Lycopus amplectens,not found
Lycopus asper,not found
Lycopus europaeus,260603
Lycopus rubellus,1620141
Lycopus uniflorus,392634
Lycopus virginicus,1620142
Lysimachia ciliata,213256
Lysimachia clethroides,167892
Lysimachia hybrida,306301
Lysimachia lanceolata,185814
Lysimachia nummularia,175113
Lysimachia punctata,213289
Lysimachia quadriflora,306298
Lysimachia quadrifolia,213290
Lysimachia terrestris,306308
Lysimachia thyrsiflora,174664
Lysimachia vulgaris,191068
Lysimachia x,not found
Lythrum alatum,1620146
Lythrum salicaria,13129
Macleaya cordata,56857
Maclura pomifera,3496
Madia sativa,149445
Magnolia stellata,54733
Mahonia repens,559508
Maianthemum canadense,416391
Maianthemum racemosum,39530
Maianthemum stellatum,191661
Maianthemum trifolium,416393
Malaxis monophyllos,426910
Malaxis unifolia,not found
Malcolmia africana,234454
Malus baccata,106549
Malus coronaria,106550
Malus ioensis,106557
Malus prunifolia,106564
Malus pumila,283210
Malus toringa,not found
Malus x,not found
Malva alcea,446150
Malva moschata,446345
Malva neglecta,183277
Malva parviflora,145753
Malva rotundifolia,not found
Malva sylvestris,145754
Malva verticillata,446348
Malvastrum hispidum,not found
Marrubium vulgare,41230
Matricaria chamomilla,98504
Matricaria discoidea,883867
Matteuccia struthiopteris,3277
Matthiola incana,3724
Mazus miquelii,1620947
Mazus pumilus,113205
Medeola virginiana,4694
Medicago lupulina,47085
Medicago sativa,3879
Melampyrum lineare,68868
Melica mutica,888272
Melica nitens,not found
Melilotus albus,47082
Melilotus altissimus,1155344
Melilotus officinalis,47083
Melissa officinalis,39338
Menispermum canadense,49681
Mentha aquatica,190902
Mentha arvensis,292239
Mentha spicata,29719
Mentha suaveolens,38860
Mentha x,not found
Mentzelia decapetala,37834
Mentzelia nuda,193490
Menyanthes trifoliata,28525
Mertensia virginica,417949
Mikania scandens,102787
Milium effusum,376129
Mimulus alatus,not found
Mimulus glabratus,270978
Mimulus ringens,188307
Minuartia michauxii,not found
Minuartia patula,not found
Mirabilis albida,427807
Mirabilis hirsuta,427807
Mirabilis jalapa,3538
Mirabilis linearis,not found
Mirabilis nyctaginea,46156
Miscanthus sacchariflorus,183675
Miscanthus sinensis,62337
Mitchella repens,45181
Mitella diphylla,40796
Mitella nuda,40798
Moehringia lateriflora,410645
Mollugo verticillata,3592
Monarda bradburiana,182378
Monarda citriodora,182379
Monarda clinopodia,182380
Monarda didyma,39343
Monarda fistulosa,39344
Monarda punctata,182387
Monolepis nuttalliana,240013
Monotropa hypopithys,176248
Monotropa uniflora,50148
Morella cerifera,3510
Morus alba,3498
Morus rubra,32202
Muhlenbergia asperifolia,946618
Muhlenbergia bushii,not found
Muhlenbergia cuspidata,946624
Muhlenbergia frondosa,not found
Muhlenbergia glabrifloris,not found
Muhlenbergia glomerata,not found
Muhlenbergia mexicana,946647
Muhlenbergia racemosa,286512
Muhlenbergia schreberi,751683
Muhlenbergia sobolifera,372163
Muhlenbergia sylvatica,160557
Muhlenbergia tenuiflora,946667
Mulgedium pulchellum,1233964
Muscari botryoides,81769
Muscari racemosum,352816
Myosotis arvensis,192338
Myosotis laxa,192342
Myosotis scorpioides,519065
Myosotis stricta,192842
Myosotis sylvatica,192364
Myosotis verna,192365
Myosoton aquaticum,228244
Myosurus minimus,59993
Myriophyllum heterophyllum,208866
Myriophyllum hippuroides,637472
Myriophyllum pinnatum,208868
Myriophyllum sibiricum,24953
Myriophyllum spicatum,208873
Myriophyllum verticillatum,208876
Nabalus albus,883017
Nabalus altissimus,43202
Nabalus asperus,not found
Nabalus crepidineus,883023
Nabalus racemosus,883025
Najas flexilis,29650
Najas guadalupensis,403037
Najas marina,55316
Najas minor,62343
Napaea dioica,108457
Narcissus pseudo-narcissus,39639
Narcissus x,not found
Nassella viridula,37681
Nasturtium officinale,65948
Nelumbo lutea,4431
Nemopanthus mucronatus,4302
Nepeta cataria,39347
Neslia paniculata,98023
Nicandra physalodes,33118
Nicotiana longiflora,118702
Nicotiana rustica,4093
Nigella damascena,3444
Nothocalais cuspidata,231836
Nothoscordum bivalve,51465
Nuphar advena,77108
Nuphar variegata,4416
Nuttallanthus canadensis,69914
Nymphaea odorata,4419
Nyssa sylvatica,4292
Oenanthe javanica,49556
Oenothera biennis,3942
Oenothera clelandii,690534
Oenothera fruticosa,203951
Oenothera glazioviana,482428
Oenothera grandis,690536
Oenothera laciniata,238288
Oenothera nuttallii,337558
Oenothera perennis,690544
Oenothera pilosella,1447707
Oenothera rhombipetala,690548
Oenothera speciosa,3953
Oenothera villosa,482603
Onoclea sensibilis,3281
Ononis campestris,not found
Onopordum acanthium,92915
Onosmodium hispidissimum,not found
Ophioglossum pusillum,208698
Opuntia humifusa,446152
Opuntia macrorhiza,1041245
Orbexilum onobrychis,458340
Orbexilum pedunculatum,458341
Origanum vulgare,39352
Ornithogalum umbellatum,81785
Orobanche fasciculata,48537
Orobanche uniflora,86095
Orthilia secunda,93819
Oryzopsis asperifolia,796701
Oryzopsis pungens,1118090
Oryzopsis racemosa,38680
Osmorhiza claytonii,105909
Osmorhiza longistylis,54830
Osmunda cinnamomea,3284
Osmunda claytoniana,29589
Osmunda spectabilis,not found
Ostrya virginiana,13622
Oxalis corniculata,212256
Oxalis stricta,213833
Oxalis violacea,446153
Oxydendrum arboreum,95636
Oxypolis rigidior,178701
Pachysandra terminalis,74825
Packera aurea,98688
Packera glabella,34220
Packera obovata,98700
Packera paupercula,34240
Packera plattensis,1455566
Packera pseudaurea,34241
Panax quinquefolius,44588
Panax trifolius,44683
Panicum capillare,33109
Panicum dichotomiflorum,29692
Panicum flexile,888273
Panicum gattingeri,not found
Panicum miliaceum,4540
Panicum philadelphicum,not found
Panicum verrucosum,220448
Panicum virgatum,38727
Papaver rhoeas,33128
Papaver somniferum,3469
Parietaria pensylvanica,194270
Parnassia glauca,324805
Paronychia canadensis,330176
Paronychia fastigiata,157621
Parthenium hysterophorus,183063
Parthenium integrifolium,not found
Parthenocissus inserta,345125
Parthenocissus quinquefolia,3607
Parthenocissus tricuspidata,345127
Pascopyrum smithii,86023
Paspalum laeve,1620157
Paspalum setaceum,547450
Pastinaca sativa,4041
Pedicularis canadensis,1325716
Pedicularis lanceolata,43175
Pediomelum argophyllum,458352
Pellaea glabella,414648
Peltandra virginica,78376
Penstemon calycosus,1279143
Penstemon cobaea,265134
Penstemon digitalis,265135
Penstemon gracilis,265140
Penstemon grandiflorus,379497
Penstemon hirsutus,265143
Penstemon pallidus,388182
Penstemon tubaeflorus,265170
Penthorum sedoides,23262
Perideridia americana,234853
Perilla frutescens,48386
Persicaria amphibia,254780
Persicaria arifolia,452456
Persicaria bicornis,487990
Persicaria bungeana,580469
Persicaria careyi,487991
Persicaria hydropiper,46901
Persicaria hydropiperoides,487997
Persicaria lapathifolia,430754
Persicaria longiseta,467333
Persicaria maculosa,457184
Persicaria orientalis,467334
Persicaria pensylvanica,137687
Persicaria punctata,137688
Persicaria sagittata,137696
Persicaria virginiana,46788
Petasites hybridus,278673
Petrorhagia saxifraga,46121
Petunia axillaris,33119
Petunia violacea,not found
Petunia x,not found
Phalaris arundinacea,96050
Phalaris canariensis,376798
Phedimus aizoon,116726
Phedimus spurius,202991
Phegopteris connectilis,173899
Phegopteris hexagonoptera,93619
Phellodendron amurense,68554
Phemeranthus rugospermum,not found
Philadelphus coronarius,1403168
Philadelphus floridus,not found
Philadelphus inodorus,23114
Philadelphus pubescens,683729
Phleum pratense,15957
Phlox biflda,not found
Phlox divaricata,103528
Phlox drummondii,103529
Phlox glaberrima,103531
Phlox maculata,103533
Phlox nivalis,103535
Phlox paniculata,103537
Phlox pilosa,103539
Phlox subulata,103544
Phragmites australis,29695
Phryma leptostachya,41401
Phyla cuneifolia,925364
Phyla lanceolata,86859
Physalis alkekengi,33120
Physalis angulata,113208
Physalis grisea,not found
Physalis heterophylla,304155
Physalis lanceolata,304150
Physalis philadelphica,304130
Physalis pubescens,300354
Physalis pumila,304157
Physalis subglabrata,482384
Physalis virginiana,304158
Physaria gracilis,362599
Physocarpus opulifolius,133202
Physostegia angustifolia,457149
Physostegia virginiana,28510
Phytolacca americana,3527
Picea abies,3329
Picea glauca,3330
Picea mariana,3335
Picris hieracioides,212690
Pilea fontana,99289
Pilea pumila,24776
Pinus banksiana,3353
Pinus nigra,58042
Pinus pungens,164241
Pinus resinosa,54921
Pinus rigida,164242
Pinus strobus,3348
Pinus sylvestris,3349
Pinus virginiana,71654
Piptochaetium avenaceum,399655
Pistia stratiotes,4477
Pisum sativum,3888
Plagiobothrys hispidulus,not found
Plantago aristata,197795
Plantago cordata,not found
Plantago lanceolata,39414
Plantago major,29818
Plantago media,101992
Plantago patagonica,197815
Plantago psyllium,not found
Plantago rugelii,101993
Plantago virginica,113209
Platanthera blephariglottis,1620161
Platanthera ciliaris,78829
Platanthera clavellata,not found
Platanthera dilatata,409001
Platanthera flava,not found
Platanthera hookeri,not found
Platanthera huronensis,1120565
Platanthera lacera,706068
Platanthera leucophaea,36962
Platanthera orbiculata,not found
Platanthera psycodes,not found
Platanus occidentalis,4403
Pluchea odorata,1548633
Poa alsodes,368355
Poa annua,93036
Poa arida,289071
Poa bulbosa,202404
Poa chapmaniana,1159260
Poa compressa,269373
Poa languida,330868
Poa nemoralis,269376
Poa paludigena,not found
Poa palustris,269377
Poa pratensis,4545
Poa sylvestris,368392
Poa trivialis,89684
Poa wolfli,not found
Podophyllum peltatum,35933
Pogonia ophioglossoides,78838
Poinsettia dentata,not found
Polanisia dodecandra,72660
Polanisia trachysperma,not found
Polemonium reptans,13640
Polygala cruciata,4276
Polygala incarnata,690793
Polygala polygama,690812
Polygala sanguinea,485366
Polygala senega,174549
Polygala verticillata,690840
Polygaloides paucifolia,not found
Polygonatum biflorum,39535
Polygonatum pubescens,221231
Polygonella articulata,452461
Polygonum achoreum,701365
Polygonum arenastrum,701369
Polygonum aviculare,137693
Polygonum buxiforme,701377
Polygonum erectum,137694
Polygonum ramosissimum,701410
Polygonum tenue,not found
Polymnia canadensis,183070
Polypodium virginianum,872808
Polystichum acrostichoides,28470
Polytaenia nuttallii,178705
Pontederia cordata,44964
Populus alba,43335
Populus balsamifera,73824
Populus deltoides,3696
Populus grandidentata,482945
Populus heterophylla,not found
Populus nigra,3691
Populus tremuloides,3693
Populus x,not found
Portulaca oleracea,46147
Potamogeton amplifolius,16364
Potamogeton berchtoldii,108425
Potamogeton crispus,55318
Potamogeton diversifolius,213838
Potamogeton epihydrus,397064
Potamogeton foliosus,292609
Potamogeton friesii,397066
Potamogeton gramineus,55319
Potamogeton illinoensis,397070
Potamogeton natans,189328
Potamogeton nodosus,99363
Potamogeton praelongus,246704
Potamogeton pulcher,397073
Potamogeton pusillus,246702
Potamogeton richardsonii,29651
Potamogeton robbinsii,55321
Potamogeton strictifolius,397078
Potamogeton vaseyi,397084
Potamogeton x,not found
Potamogeton zosteriformis,55322
Potentilla argentea,654633
Potentilla inclinata,516013
Potentilla indica,13044
Potentilla intermedia,not found
Potentilla norvegica,57931
Potentilla pensylvanica,457914
Potentilla recta,538583
Potentilla reptans,57933
Potentilla rivalis,667281
Potentilla simplex,667283
Potentilla tridentata,57934
Poterium sanguisorba,137456
Prionopsis ciliata,71088
Proboscidea louisianica,9786
Proserpinaca palustris,434573
Prunella vulgaris,39358
Prunus americana,122118
Prunus angustifolia,122119
Prunus armeniaca,36596
Prunus avium,42229
Prunus cerasus,140311
Prunus domestica,3758
Prunus hortulana,151434
Prunus mahaleb,129217
Prunus nigra,122120
Prunus padus,97307
Prunus pensylvanica,262529
Prunus persica,3760
Prunus pumila,262528
Prunus serotina,23207
Prunus subhirtella,97320
Prunus tomentosa,105667
Prunus virginiana,133204
Pseudognaphalium macounii,1209487
Pseudognaphalium obtusifolium,1209488
Psoralidium tenuiflorum,247917
Ptelea trifoliata,210336
Pteridium aquilinum,32101
Puccinellia distans,13649
Pueraria montana,132459
Pycnanthemum muticum,326164
Pycnanthemum tenuifolium,751853
Pycnanthemum verticillatum,not found
Pycnanthemum virginianum,392642
Pyrola americana,93820
Pyrola asarifolia,93823
Pyrola chlorantha,93824
Pyrola elliptica,93825
Pyrus betulaefolia,436086
Pyrus calleryana,36597
Pyrus communis,23211
Pyrus pyrifolia,3767
Quercus alba,3513
Quercus bicolor,889476
Quercus coccinea,354624
Quercus ellipsoidalis,498457
Quercus imbricaria,39469
Quercus macrocarpa,519047
Quercus muhlenbergii,not found
Quercus palustris,73152
Quercus rubra,3512
Quercus velutina,500452
Quercus x,not found
Ranunculus abortivus,286845
Ranunculus acris,3447
Ranunculus bulbosus,74828
Ranunculus cymbalaria,286840
Ranunculus fascicularis,568547
Ranunculus flabellaris,not found
Ranunculus gmelinii,286903
Ranunculus hispidus,476038
Ranunculus longirostris,not found
Ranunculus pensylvanicus,286968
Ranunculus recurvatus,46994
Ranunculus repens,137665
Ranunculus rhomboideus,568568
Ranunculus sardous,35930
Ranunculus sceleratus,147635
Ranunculus testiculatus,not found
Raphanus raphanistrum,109996
Raphanus sativus,3726
Rapistrum rugosum,71362
Ratibida columnifera,53728
Ratibida pinnata,52294
Reseda alba,28546
Reseda lutea,202615
Reseda luteola,415813
Reynoutria japonica,488216
Rhamnus alnifolia,527216
Rhamnus arguta,not found
Rhamnus cathartica,3610
Rhamnus davurica,105902
Rhamnus japonica,73258
Rhamnus lanceolata,706615
Rhamnus utilis,1037062
Rheum rhabarbarum,333310
Rhexia virginica,40003
Rhododendron groenlandicum,49605
Rhododendron periclymenoides,78641
Rhodotypos scandens,32245
Rhus aromatica,289751
Rhus copallinum,32258
Rhus glabra,298662
Rhus hirta,255348
Rhus x,not found
Rhynchospora alba,241642
Rhynchospora capillacea,not found
Rhynchospora capitellata,not found
Rhynchospora fusca,529450
Rhynchospora globularis,1620174
Rhynchospora macrostachya,not found
Rhynchospora nitens,1620178
Rhynchospora scirpoides,76507
Ribes americanum,3802
Ribes aureum,23283
Ribes cynosbati,208494
Ribes hirtellum,175203
Ribes missouriense,175217
Ribes nigrum,78511
Ribes rubrum,175228
Ribes triste,175233
Robinia hispida,98745
Robinia luxurians,not found
Robinia pseudoacacia,35938
Robinia viscosa,168547
Rorippa aquatica,65950
Rorippa austriaca,157082
Rorippa palustris,50498
Rorippa sessiliflora,1425328
Rorippa sinuata,157099
Rorippa sylvestris,65952
Rosa acicularis,117260
Rosa arkansana,267231
Rosa blanda,74640
Rosa canina,74635
Rosa carolina,74638
Rosa centifolia,396733
Rosa cinnamomea,74642
Rosa eglanteria,74636
Rosa gallica,74632
Rosa micrantha,267241
Rosa multiflora,74647
Rosa palustris,267247
Rosa rugosa,74645
Rosa setigera,137000
Rosa virginiana,74639
Rosa x,not found
Rotala ramosior,312925
Rubus allegheniensis,75062
Rubus armeniacus,926038
Rubus caesius,75065
Rubus flagellaris,190224
Rubus frondosus,not found
Rubus hispidus,43104
Rubus idaeus,32247
Rubus laciniatus,1546436
Rubus missouricus,not found
Rubus occidentalis,75079
Rubus odoratus,75080
Rubus parviflorus,59496
Rubus pensilvanicus,75084
Rubus phoenicolasius,75085
Rubus pubescens,75086
Rubus recurvans,not found
Rubus rosa,3764
Rubus setosus,75092
Rubus wheeleri,not found
Rudbeckia fulgida,52312
Rudbeckia grandiflora,52297
Rudbeckia hirta,52299
Rudbeckia laciniata,52310
Rudbeckia subtomentosa,52307
Rudbeckia triloba,52309
Ruellia humilis,192256
Ruellia strepens,441029
Rumex acetosella,61450
Rumex altissimus,not found
Rumex britannica,not found
Rumex conglomeratus,242534
Rumex crispus,174649
Rumex fueginus,not found
Rumex obtusifolius,3619
Rumex patientia,137229
Rumex thyrsiflorus,696533
Rumex triangulivalvis,1234506
Rumex verticillatus,1620180
Ruppia cirrhosa,83789
Sabatia angularis,82728
Sabatia campanulata,1620183
Sabatia campestris,236218
Sagina procumbens,230724
Sagittaria brevirostra,353115
Sagittaria calycina,1419492
Sagittaria cuneata,353097
Sagittaria graminea,146149
Sagittaria latifolia,15008
Sagittaria rigida,353102
Salicornia maritima,447781
Salix alba,75704
Salix amygdaloides,75705
Salix babylonica,75706
Salix bebbiana,75707
Salix candida,1087216
Salix caprea,172267
Salix cinerea,470278
Salix cordata,426349
Salix discolor,75709
Salix eriocephala,285592
Salix fragilis,77063
Salix humilis,1242995
Salix interior,75712
Salix lucida,350589
Salix myricoides,1510608
Salix nigra,75714
Salix pedicellaris,1120109
Salix pentandra,75715
Salix petiolaris,1242996
Salix purpurea,77065
Salix pyrifolia,1242997
Salix sericea,312456
Salix serissima,1120560
Salix x,not found
Salsola collina,525237
Salsola tragus,355937
Salvia azurea,392652
Salvia pratensis,49216
Salvia reflexa,not found
Salvia sylvestris,268931
Sambucus nigra,4202
Sambucus racemosa,4203
Samolus parviflorus,1081845
Sanguinaria canadensis,3472
Sanguisorba canadensis,137455
Sanicula canadensis,52574
Sanicula marilandica,not found
Sanicula odorata,393533
Sanicula trifoliata,393535
Sanvitalia procumbens,502543
Saponaria officinalis,3572
Sarracenia purpurea,45176
Sassafras albidum,46945
Satureja acinos,not found
Satureja hortensis,49987
Saururus cernuus,13260
Saxifraga pensylvanica,90609
Schedonorus pratensis,4608
Scheuchzeria palustris,29653
Schizachne purpurascens,545880
Schizachyrium scoparium,79855
Schoenoplectus acutus,140885
Schoenoplectus fluviatilis,not found
Schoenoplectus hallii,not found
Schoenoplectus heterochaetus,1442356
Schoenoplectus maritimus,not found
Schoenoplectus pungens,238833
Schoenoplectus purshianus,not found
Schoenoplectus smithii,not found
Schoenoplectus subterminalis,1442359
Schoenoplectus tabernaemontani,316508
Schoenoplectus torreyi,1442360
Schrankia nuttallii,not found
Scilla non-scripta,not found
Scilla sibirica,not found
Scirpus atrocinctus,435679
Scirpus atrovirens,743735
Scirpus cyperinus,435680
Scirpus expansus,435681
Scirpus georgianus,435683
Scirpus hattorianus,435684
Scirpus microcarpus,100302
Scirpus pedicellatus,1540061
Scirpus pendulus,435685
Scirpus polyphyllus,1540062
Scleranthus annuus,230712
Scleria muehlenbergii,1352569
Scleria pauciflora,not found
Scleria reticularis,140889
Scleria triglomerata,906966
Scleria verticillata,1620189
Sclerochloa dura,211954
Scrophularia lanceolata,942075
Scrophularia marilandica,764929
Scutellaria elliptica,1343444
Scutellaria galericulata,53169
Scutellaria lateriflora,233893
Scutellaria nervosa,not found
Scutellaria ovata,not found
Scutellaria parvula,942060
Secale cereale,4550
Securigera varia,53861
Sedum acre,23028
Sedum alboroseum,202969
Sedum album,23029
Sedum reflexum,91145
Sedum sarmentosum,91146
Sedum sexangulare,91147
Sedum ternatum,91148
Selaginella apoda,39585
Selaginella rupestris,88037
Senecio hieraciifolius,not found
Senecio jacobaea,98722
Senecio suaveolens,422328
Senecio viscosus,85882
Senecio vulgaris,76276
Senna hebecarpa,1582321
Senna marilandica,not found
Senna obtusifolia,346985
Senna occidentalis,126820
Setaria faberi,149378
Setaria italica,4555
Setaria parviflora,66039
Setaria pumila,305353
Setaria verticillata,149379
Setaria viridis,4556
Shepherdia canadensis,36905
Sherardia arvensis,29803
Sibara virginica,313684
Sicyos angulatus,64232
Sida spinosa,108380
Silene antirrhina,54821
Silene armeria,39866
Silene chalcedonica,39855
Silene conica,39875
Silene coronaria,42034
Silene cserei,not found
Silene dichotoma,39878
Silene dioica,39879
Silene flos-cuculi,42036
Silene latifolia,37657
Silene nivea,200590
Silene noctiflora,39899
Silene regia,39906
Silene stellata,200593
Silene virginica,155647
Silene vulgaris,42043
Silphium integrifolium,121897
Silphium laciniatum,53587
Silphium perfoliatum,53588
Silphium terebinthinaceum,121900
Sinapis alba,3728
Sinapis arvensis,29728
Sisymbrium altissimum,71365
Sisymbrium loeselii,203579
Sisymbrium officinale,203582
Sisyrinchium albidum,1129424
Sisyrinchium angustifolium,244039
Sisyrinchium atlanticum,1129426
Sisyrinchium campestre,1053806
Sisyrinchium montanum,207934
Sium suave,48053
Smallanthus uvedalius,176613
Smilax ecirrhata,1291630
Smilax hispida,55959
Smilax illinoensis,1291631
Smilax lasioneuron,299608
Smilax rotundifolia,72647
Solanum americanum,109975
Solanum carolinense,50511
Solanum dimidiatum,1131305
Solanum dulcamara,45834
Solanum elaeagnifolium,115664
Solanum physalifolium,45836
Solanum rostratum,45839
Solanum triflorum,205588
Solanum tuberosum,4113
Solidago altissima,59294
Solidago caesia,471148
Solidago canadensis,59297
Solidago flexicaulis,330182
Solidago gigantea,330183
Solidago glaberrima,not found
Solidago hispida,996325
Solidago juncea,330184
Solidago nemoralis,471149
Solidago ohioensis,471150
Solidago patula,471151
Solidago ptarmicoides,471152
Solidago riddellii,471153
Solidago rigida,199521
Solidago rigidiuscula,not found
Solidago rugosa,511490
Solidago sempervirens,199523
Solidago simplex,330185
Solidago speciosa,471154
Solidago uliginosa,996327
Solidago ulmifolia,691053
Sonchus arvensis,50192
Sonchus asper,50193
Sonchus oleraceus,50207
Sorbus americana,193310
Sorbus aucuparia,36599
Sorbus decora,765745
Sorghastrum nutans,79857
Sorghum bicolor,4558
Sorghum halepense,4560
Sparganium americanum,113279
Sparganium androcladum,1407755
Sparganium angustifolium,669838
Sparganium eurycarpum,35871
Sparganium natans,669840
Spartina pectinata,65991
Spergula arvensis,325515
Spergularia marina,191669
Spergularia media,545670
Spergularia rubra,157641
Spermolepis inermis,63040
Sphenopholis intermedia,388721
Sphenopholis nitida,1440555
Sphenopholis obtusata,481248
Spiraea alba,410739
Spiraea douglasii,409509
Spiraea prunifolia,409517
Spiraea thunbergii,409520
Spiraea tomentosa,473049
Spiraea x,not found
Spiranthes cernua,78845
Spiranthes lacera,499196
Spiranthes lucida,1523952
Spiranthes magnicamporum,126263
Spiranthes ochroleuca,1523953
Spiranthes ovalis,1530326
Spiranthes romanzoffiana,126264
Spiranthes tuberosa,1530333
Spirodela polyrhiza,29656
Sporobolus clandestinus,1051754
Sporobolus compositus,1521326
Sporobolus cryptandrus,641383
Sporobolus heterolepis,121785
Sporobolus neglectus,1534663
Sporobolus vaginiflorus,888275
Stachys aspera,194208
Stachys byzantina,180010
Stachys hyssopifolia,not found
Stachys palustris,1060938
Stachys pilosa,193341
Stachys tenuifolia,194231
Staphylea trifolia,85280
Stellaria crassifolia,395325
Stellaria graminea,271541
Stellaria longifolia,228247
Stellaria media,13274
Stellaria pallida,1137916
Stellaria pubera,645215
Stenanthium gramineum,164828
Stenosiphon linifolius,203953
Streptopus lanceolatus,34197
Strophostyles helvola,90593
Strophostyles leiosperma,260888
Stuckenia pectinata,55444
Stylophorum diphyllum,56864
Styrax americanus,13700
Suaeda calceoliformis,381272
Sullivantia sullivantii,23271
Symphoricarpos albus,13702
Symphoricarpos occidentalis,318448
Symphoricarpos orbiculatus,105885
Symphyotrichum boreale,561178
Symphyotrichum ciliatum,556905
Symphyotrichum ciliolatum,526930
Symphyotrichum cordifolium,41480
Symphyotrichum divaricatum,1249080
Symphyotrichum drummondii,321986
Symphyotrichum dumosum,556906
Symphyotrichum ericoides,481941
Symphyotrichum falcatum,408820
Symphyotrichum laeve,691054
Symphyotrichum lanceolatum,526931
Symphyotrichum lateriflorum,526933
Symphyotrichum novae-angliae,55612
Symphyotrichum oblongifolium,72978
Symphyotrichum ontarionis,1503869
Symphyotrichum oolentangiense,not found
Symphyotrichum parviceps,547780
Symphyotrichum pilosum,526934
Symphyotrichum praealtum,1249083
Symphyotrichum prenanthoides,not found
Symphyotrichum puniceum,556914
Symphyotrichum racemosum,556915
Symphyotrichum sericeum,481947
Symphyotrichum shortii,547781
Symphyotrichum subulatum,71035
Symphyotrichum urophyllum,526936
Symphytum asperum,764736
Symphytum offlcinale,not found
Symplocarpus foetidus,28477
Syringa pubescens,150408
Syringa vulgaris,34270
Syringa x,not found
Taenidia integerrima,48059
Tanacetum balsamita,301877
Tanacetum parthenium,127999
Tanacetum vulgare,128002
Taraxacum erythrospermum,268104
Taraxacum officinale,50225
Tarenaya hassleriana,28532
Taxus canadensis,88032
Teesdalia nudicaulis,165363
Tephrosia virginiana,1089629
Tetraneuris herbacea,not found
Teucrium canadense,201512
Thalictrum dasycarpum,46973
Thalictrum dioicum,46970
Thalictrum revolutum,46972
Thalictrum thalictroides,46969
Thaspium barbinode,178717
Thaspium trifoliatum,54730
Thelesperma megapotamicum,153168
Thelypteris noveboracensis,449902
Thelypteris palustris,29618
Thismia americana,not found
Thlaspi arvense,13288
Thuja occidentalis,3317
Thymelaea passerina,224057
Thymus serpyllum,204219
Tiarella cordifolia,369350
Tidestromia lanuginosa,217683
Tilia americana,66669
Tipularia discolor,38213
Tomanthera auriculata,4172
Torilis arvensis,79184
Torilis japonica,49576
Torreyochloa pallida,391969
Toxicodendron radicans,43853
Toxicodendron rydbergii,690250
Toxicodendron vernix,289774
Tradescantia bracteata,428259
Tradescantia ohiensis,77340
Tradescantia subaspera,1415700
Tradescantia virginiana,59016
Tragopogon dubius,45322
Tragopogon porrifolius,13731
Tragopogon pratensis,41653
Triantha glutinosa,207928
Tribulus terrestris,210369
Trichophorum caespitosum,76515
Trichophorum clintonii,76516
Trichostema dichotomum,41240
Tridens flavus,160564
Trientalis borealis,319347
Trifolium arvense,361560
Trifolium aureum,361561
Trifolium campestre,97015
Trifolium dubium,97021
Trifolium fragiferum,97023
Trifolium hybridum,74517
Trifolium incarnatum,60916
Trifolium pratense,57577
Trifolium reflexum,361976
Trifolium repens,3899
Trifolium resupinatum,97036
Triglochin maritima,55501
Triglochin palustris,403040
Trillium cernuum,82476
Trillium erectum,50545
Trillium flexipes,82483
Trillium grandiflorum,55186
Trillium nivale,82491
Trillium recurvatum,82495
Trillium sessile,49676
Trillium undulatum,82504
Triodanis leptocarpa,239475
Triodanis perfoliata,284232
Triosteum aurantiacum,134524
Triosteum illinoense,not found
Triosteum perfoliatum,105270
Triphora trianthophora,78852
Triplasis purpurea,751733
Tripleurospermum maritimum,669858
Tripsacum dactyloides,4563
Triticum aestivum,4565
Tsuga canadensis,66173
Tulipa sylvestris,248498
Turritis glabra,63678
Tussilago farfara,118778
Typha angustifolia,59011
Typha domingensis,189386
Typha latifolia,4733
Typha x,not found
Ulmus americana,29740
Ulmus pumila,198266
Ulmus rubra,102693
Ulmus thomasii,180953
Ulmus x,not found
Urtica dioica,3501
Utricularia cornuta,192281
Utricularia geminiscapa,192290
Utricularia gibba,13748
Utricularia intermedia,192294
Utricularia macrorhiza,192300
Utricularia minor,326275
Utricularia purpurea,204368
Utricularia radiata,not found
Utricularia resupinata,193138
Utricularia subulata,192319
Uvularia grandiflora,49460
Uvularia sessilifolia,4700
Vaccaria hispanica,39387
Vaccinium angustifolium,472369
Vaccinium corymbosum,69266
Vaccinium macrocarpon,13750
Vaccinium myrtilloides,1503870
Vaccinium oxycoccos,516948
Vaccinium pallidum,128905
Valeriana edulis,243120
Valeriana offlcinalis,not found
Valeriana uliginosa,not found
Valerianella chenopodifolia,not found
Valerianella locusta,59166
Valerianella umbilicata,368330
Vallisneria americana,29649
Veratrum virginicum,117928
Verbascum blattaria,46030
Verbascum phlomoides,90365
Verbascum speciosum,199092
Verbascum thapsus,39388
Verbascum virgatum,1053405
Verbena bipinnatifida,312283
Verbena bracteata,39417
Verbena hastata,443381
Verbena simplex,not found
Verbena stricta,568212
Verbena urticifolia,140036
Verbena x,not found
Verbesina alternifolia,not found
Vernonia baldwinii,434692
Vernonia fasciculata,434698
Vernonia gigantea,211149
Vernonia missurica,434703
Veronica americana,932108
Veronica anagallis-aquatica,74693
Veronica arvensis,46032
Veronica biloba,303430
Veronica chamaedrys,165330
Veronica longifolia,165317
Veronica officinalis,160511
Veronica peregrina,165341
Veronica persica,138560
Veronica polita,195136
Veronica scutellata,195138
Veronica serpyllifolia,164258
Veronica teucrium,1483217
Veronica verna,195145
Veronicastrum virginicum,165346
Viburnum acerifolium,4205
Viburnum dentatum,61589
Viburnum lantana,237945
Viburnum lentago,61590
Viburnum nudum,237950
Viburnum opulus,85293
Viburnum prunifolium,237954
Viburnum raflnesquianum,not found
Viburnum recognitum,not found
Vicia americana,200966
Vicia caroliniana,482954
Vicia cracca,3905
Vicia dasycarpa,1042234
Vicia sativa,3908
Vicia tetrasperma,154499
Vicia villosa,3911
Vigna unguiculata,3917
Vinca major,185238
Vinca minor,60093
Vincetoxicum nigrum,63502
Viola affinis,97414
Viola arvensis,97415
Viola bicolor,706696
Viola blanda,97418
Viola canadensis,97421
Viola cucullata,97424
Viola flmbriatula,not found
Viola labradorica,502515
Viola lanceolata,1017135
Viola macloskeyi,97435
Viola missouriensis,not found
Viola nephrophylla,not found
Viola odorata,97441
Viola palmata,1620210
Viola pedata,97442
Viola pedatifida,1234509
Viola primulifolia,1017141
Viola pubescens,97445
Viola rostrata,932109
Viola sagittata,1017145
Viola septentrionalis,not found
Viola sororia,13758
Viola striata,97454
Viola subsinuata,not found
Viola tricolor,214053
Viola x,not found
Vitis aestivalis,3605
Vitis labrusca,103355
Vitis riparia,96939
Vitis vulpina,754105
Vulpia myuros,89686
Vulpia octoflora,464087
Wisteria frutescens,47096
Wolffia brasiliensis,161114
Wolffia columbiana,161115
Wolffiella gladiata,161124
Woodsia obtusa,29611
Woodwardia areolata,120726
Woodwardia virginica,120733
Xanthium spinosum,1053410
Xanthium strumarium,318068
Xyris difformis,101606
Xyris torta,not found
Yucca smalliana,not found
Zannichellia palustris,29654
Zanthoxylum americanum,354526
Zea mays,4577
Zizania aquatica,75727
Zizia aptera,178718
Zizia aurea,40947
Zoysia japonica,309978
