taxon,rbcL,
Abelmoschus esculentus,JN114778.1,
Abutilon theophrasti,HM849734.1,
Acalypha gracilens,KJ773245.1,
Acalypha rhomboidea,U00435.1,
Acalypha virginica,,
Acanthopanax sieboldianus,,
Acer campestre,DQ978399.1,
Acer ginnala,DQ978436.1,
Acer negundo,DQ978417.1,
Acer nigrum,DQ978431.1,
Acer platanoides,DQ978424.1,
Acer pseudoplatanus,DQ978425.1,
Acer rubrum,DQ459381.1,
Acer saccharinum,,
Acer saccharum,DQ978430.1,
Achillea millefolium,KM360610.1,
Achillea ptarmica,HE574580.1,
Aconitum uncinatum,,
Acorus americanus,DQ069499.1,
Acorus calamus,KM360612.1,
Acroptilon repens,KC589889.1,
Actaea pachypoda,EU053899.1,
Actaea rubra,KF724233.1,
Adiantum pedatum,KF186525.1,
Adlumia fungosa,,
Aegilops cylindrica,LN626627.1,
Aegopodium podagraria,U50220.1,
Aesculus glabra,KF724285.1,
Aesculus hippocastanum,KM360616.1,
Aethusa cynapium,KM360617.1,
Agalinis aspera,,
Agalinis gattingeri,EU828224.1,
Agalinis paupercula,GU943627.1,
Agalinis purpurea,EU828238.1,
Agalinis skinneriana,EU828239.1,
Agalinis tenuifolia,AY563936.1,
Agastache nepetoides,,
Agastache scrophulariaefolia,,
Ageratina altissima,HQ590095.1,
Agrimonia gryposepala,HQ589939.1,
Agrimonia parviflora,U06791.1,
Agrimonia pubescens,,
Agrimonia rostellata,,
Agrimonia striata,KJ593193.1,
Agropyron cristatum,JX848483.1,
Agropyron desertorum,HQ652721.1,
Agrostemma githago,KM360618.1,
Agrostis capillaris,AY395527.1,
Agrostis gigantea,HQ589941.1,
Agrostis hyemalis,KJ773252.1,
Agrostis perennans,KJ773253.1,
Agrostis scabra,JX848486.1,
Agrostis stolonifera,AJ746280.1,
Ailanthus altissima,U02726.1,
Aira caryophyllea,AM849361.1,
Ajuga genevensis,,
Ajuga reptans,Z37385.1,
Akebia quinata,L12627.2,
Alcea rosea,KM360621.1,
Aletris farinosa,JQ417657.1,
Alisma subcordatum,,
Alisma triviale,HQ901563.1,
Alliaria petiolata,KM360623.1,
Allium burdickii,,
Allium canadense,KJ773255.1,
Allium cepa,JQ273896.1,
Allium cernuum,,
Allium flstulosum,,
Allium mutabile,,
Allium sativum,HF572830.1,
Allium schoenoprasum,JN890785.1,
Allium stellatum,,
Allium tricoccum,KJ593199.1,
Allium vineale,HM849756.1,
Alnus glutinosa,KM360625.1,
Alnus incana,X56618.1,
Alnus serrulata,KF418934.1,
Alopecurus aequalis,KF712935.1,
Alopecurus carolinianus,,
Alopecurus geniculatus,AJ746281.1,
Alopecurus pratensis,EF125141.1,
Althaea officinalis,KM360627.1,
Alyssum alyssoides,,
Amaranthus albus,JF940785.1,
Amaranthus arenicola,,
Amaranthus blitoides,HM849762.1,
Amaranthus caudatus,,
Amaranthus cruentus,,
Amaranthus hybridus,HM849765.1,
Amaranthus hypochondriacus,X51964.1,
Amaranthus palmeri,,
Amaranthus powellii,,
Amaranthus retroflexus,KM360629.1,
Amaranthus rudis,,
Amaranthus spinosus,HM849766.1,
Amaranthus tuberculatus,,
Amberboa moschata,,
Ambrosia artemisiifolia,DQ006055.1,
Ambrosia psilostachya,KJ773262.1,
Ambrosia tomentosa,,
Ambrosia trifida,AY215082.1,
Amelanchier arborea,JQ391253.1,
Amelanchier canadensis,JQ391257.1,
Amelanchier humilis,,
Amelanchier interior,JQ391249.1,
Amelanchier laevis,JQ391259.1,
Amelanchier sanguinea,JQ391245.1,
Ammannia robusta,KF724282.1,
Ammophila breviligulata,AJ784835.1,
Amorpha canescens,,
Amorpha fruticosa,U74212.1,
Ampelamus albidus,DQ006054.1,
Ampelopsis brevipedunculata,AJ419722.1,
Amphiachyris dracunculoides,,
Amphicarpaea bracteata,EU717257.1,
Amsinckia menziesii,KF997304.1,
Amsinckia spectabilis,,
Anagallis arvensis,M88343.1,
Anaphalis margaritacea,HQ589951.1,
Anchusa offlcinalis,,
Andromeda polifolia,AF124572.1,
Andropogon gerardii,AJ784818.1,
Andropogon hallii,,
Andropogon virginicus,KJ773269.1,
Androsace occidentalis,,
Anemone canadensis,EU053902.1,
Anemone caroliniana,,
Anemone cylindrica,JX848515.1,
Anemone patens,JX848516.1,
Anemone quinquefolia,KF977467.1,
Anemone virginiana,HQ589955.1,
Anethum graveolens,EU016783.1,
Angelica atropurpurea,KF613025.1,
Anoda cristata,,
Antennaria neglecta,JX848401.1,
Antennaria plantaginifolia,,
Anthemis arvensis,HM849778.1,
Anthemis cotula,HM849779.1,
Anthoxanthum odoratum,AJ746256.1,
Anthriscus caucalis,JN893703.1,
Anthriscus cerefolium,,
Anthriscus sylvestris,KM360636.1,
Anthyllis vulneraria,KM360637.1,
Anticlea elegans,JN417468.1,
Antirrhinum majus,GQ997015.1,
Antirrhinum orontium,HM850180.1,
Apera interrupta,EF125147.1,
Apios americana,EU717285.1,
Aplectrum hyemale,AF074108.1,
Apocynum androsaemifolium,HQ589956.1,
Apocynum cannabinum,HQ384907.1,
Apocynum x,,
Aquilegia canadensis,AY392755.1,
Aquilegia vulgaris,EU053905.1,
Arabidopsis lyrata,AY174652.1,
Arabidopsis thaliana,KM025242.1,
Arabis pycnocarpa,,
Arachis hypogaea,KM025244.1,
Aralia chinensis,KP088475.1,
Aralia elata,KF412439.1,
Aralia hispida,KF724255.1,
Aralia nudicaulis,HQ589959.1,
Aralia racemosa,HQ589960.1,
Arctium lappa,KC589792.1,
Arctium minus,KC589794.1,
Arctium tomentosum,,
Arctostaphylos uva-ursi,GU176649.1,
Arenaria serpyllifolia,KM360648.1,
Arethusa bulbosa,AF074109.1,
Argemone albiflora,JX087687.1,
Argemone mexicana,U86621.1,
Argentina anserina,JX848521.1,
Arisaema dracontium,KC466585.1,
Arisaema triphyllum,AY298817.1,
Aristida basiramea,,
Aristida dichotoma,,
Aristida intermedia,,
Aristida longespica,HQ713378.1,
Aristida oligantha,HE573350.1,
Aristida purpurascens,HQ713380.1,
Aristida tuberculosa,,
Armoracia rusticana,KM360651.1,
Arnoglossum atriplicifolium,GU817738.1,
Arnoglossum plantagineum,,
Arnoglossum reniforme,,
Aronia prunifolia,JQ391241.1,
Arrhenatherum elatius,AJ784823.1,
Artemisia abrotanum,,
Artemisia absinthium,HE963336.1,
Artemisia annua,KJ667633.1,
Artemisia biennis,,
Artemisia carruthii,,
Artemisia caudata,,
Artemisia dracunculus,,
Artemisia frigida,JX848404.1,
Artemisia ludoviciana,JX848405.1,
Artemisia serrata,,
Artemisia vulgaris,KM360653.1,
Aruncus dioicus,U06794.1,
Asarum canadense,L14290.1,
Asclepias amplexicaulis,KJ773284.1,
Asclepias exaltata,L14390.1,
Asclepias incarnata,DQ006053.1,
Asclepias lanuginosa,,
Asclepias longifolia,,
Asclepias meadii,,
Asclepias ovalifolia,,
Asclepias perennis,KJ773289.1,
Asclepias purpurascens,,
Asclepias speciosa,,
Asclepias sullivantii,,
Asclepias syriaca,HQ384906.1,
Asclepias tuberosa,GQ248553.1,
Asclepias verticillata,KJ773290.1,
Asclepias viridiflora,,
Asimina triloba,AY743441.1,
Asparagus officinalis,HQ182417.1,
Asperugo procumbens,JQ933228.1,
Asplenium platyneuron,AF525272.1,
Asplenium rhizophyllum,KF186530.1,
Astragalus agrestis,JX848457.1,
Astragalus canadensis,,
Astragalus cicer,KJ746227.1,
Astragalus crassicarpus,,
Astragalus distortus,,
Astragalus neglectus,,
Astragalus tennesseensis,,
Athyrium filix-femina,U05908.1,
Atriplex argentea,,
Atriplex glabriuscula,JN965283.1,
Atriplex hortensis,FR775290.1,
Atriplex patula,X15925.1,
Atriplex rosea,X55831.1,
Aureolaria flava,KJ773297.1,
Aureolaria grandiflora,,
Aureolaria pedicularia,AY563940.1,
Aureolaria virginica,,
Avena fatua,AJ746257.1,
Avena sativa,L15300.1,
Azolla cristata,,
Bacopa rotundifolia,,
Ballota nigra,KM360663.1,
Baptisia alba,KJ773304.1,
Baptisia australis,KF613006.1,
Baptisia bracteata,,
Baptisia tinctoria,Z70120.1,
Barbarea verna,HM849808.1,
Barbarea vulgaris,HQ589972.1,
Bartonia virginica,KF496033.1,
Beckmannia syzigachne,EF125142.1,
Belamcanda chinensis,AJ309694.1,
Bellis perennis,KM360665.1,
Berberis canadensis,,
Berberis thunbergii,AF139878.1,
Berberis vulgaris,KF997386.1,
Berteroa incana,KM360667.1,
Berula erecta,KM360668.1,
Besseya bullii,,
Betula alleghaniensis,KF418936.1,
Betula nigra,L01889.2,
Betula papyrifera,X56617.1,
Betula pendula,KM360670.1,
Betula populifolia,KF418944.1,
Betula pumila,KC482105.1,
Bidens aristosa,,
Bidens beckii,,
Bidens bipinnata,KJ773309.1,
Bidens cernua,HQ589973.1,
Bidens discoidea,,
Bidens frondosa,HQ589974.1,
Bidens trichosperma,,
Bidens tripartita,KM360671.1,
Bidens vulgata,,
Blephilia ciliata,,
Blephilia hirsuta,,
Boechera canadensis,,
Boechera grahamii,KJ841137.1,
Boechera laevigata,DQ006074.1,
Boechera missouriensis,,
Boechera shortii,,
Boechera stricta,,
Boehmeria cylindrica,KJ773314.1,
Boltonia asteroides,,
Borago offlcinalis,,
Bothriochloa laguroides,,
Botrychium campestre,,
Botrychium dissectum,AY138401.1,
Botrychium matricariifolium,L40967.1,
Botrychium multifldum,,
Botrychium simplex,,
Botrychium virginianum,AY138407.1,
Bouteloua curtipendula,JN681654.1,
Bouteloua gracilis,JX848489.1,
Bouteloua hirsuta,,
Brachyelytrum erectum,KJ841140.1,
Brasenia schreberi,M77031.1,
Brassica juncea,AY167979.1,
Brassica napus,JF807908.1,
Brassica nigra,HM849822.1,
Brassica rapa,AY167977.1,
Brickellia eupatorioides,KJ773319.1,
Bromus arvensis,,
Bromus brizaeformis,,
Bromus carinatus,KM360707.1,
Bromus ciliatus,JX848490.1,
Bromus commutatus,AJ746287.1,
Bromus hordeaceus,KM360679.1,
Bromus inermis,JX848491.1,
Bromus kalmii,,
Bromus latiglumis,,
Bromus marginatus,,
Bromus pubescens,,
Bromus racemosus,JN892639.1,
Bromus secalinus,JN892641.1,
Bromus squarrosus,,
Bromus sterilis,KM360634.1,
Bromus tectorum,KF712974.1,
Brunnera macrophylla,,
Buchloe dactyloides,FR821337.1,
Buchnera americana,KJ773321.1,
Buglossoides arvense,HM849830.1,
Bulbostylis capillaris,,
Butomus umbellatus,KM360683.1,
Cakile edentula,HM849832.1,
Calamagrostis canadensis,KC482155.1,
Calamagrostis stricta,KC482182.1,
Calamovilfa longifolia,JX848493.1,
Calibrachoa parviflora,,
Calla palustris,AM905819.1,
Callirhoe alcaeoides,,
Callirhoe digitata,,
Callirhoe involucrata,,
Callirhoe triangulata,,
Callitriche heterophylla,L11681.1,
Callitriche palustris,,
Calopogon oklahomensis,,
Calopogon tuberosus,AF074119.1,
Caltha palustris,KM360689.1,
Calylophus serrulatus,,
Calyptocarpus vialis,AY215090.1,
Calystegia hederacea,KJ395590.1,
Calystegia sepium,AY100992.1,
Calystegia spithamaea,,
Camassia scilloides,JQ273890.1,
Camelina microcarpa,JN847825.1,
Camelina sativa,,
Campanula aparinoides,EU643728.1,
Campanula rapunculoides,FJ587271.1,
Campanula rotundifolia,EU713443.1,
Campanulastrum americanum,EU713419.1,
Campsis radicans,AF156737.1,
Cannabis sativa,AF500344.1,
Capsella bursa-pastoris,KM360691.1,
Cardamine bulbosa,,
Cardamine concatenata,DQ006075.1,
Cardamine diphylla,HQ589983.1,
Cardamine douglassii,,
Cardamine hirsuta,HM849847.1,
Cardamine impatiens,JN847832.1,
Cardamine parviflora,,
Cardamine pensylvanica,AF020324.1,
Cardamine pratensis,KM360692.1,
Cardaria pubescens,,
Carduus acanthoides,,
Carduus nutans,KM360693.1,
Carex abdita,,
Carex acutiformis,JN892448.1,
Carex aggregata,HQ589984.1,
Carex alata,KJ773337.1,
Carex albicans,,
Carex albolutescens,,
Carex albursina,HQ589985.1,
Carex alopecoidea,,
Carex amphibola,DQ006088.1,
Carex annectens,,
Carex aquatilis,KC482236.1,
Carex arctata,HQ589986.1,
Carex argyrantha,,
Carex atherodes,,
Carex atlantica,,
Carex aurea,HQ589987.1,
Carex bebbii,,
Carex bicknellii,,
Carex blanda,HQ589988.1,
Carex brevior,KJ841157.1,
Carex bromoides,KJ773339.1,
Carex brunnescens,KF977470.1,
Carex bushii,,
Carex buxbaumii,,
Carex canescens,GQ469845.1,
Carex careyana,,
Carex cephaloidea,KJ841161.1,
Carex cephalophora,DQ006089.1,
Carex chordorrhiza,FJ548256.1,
Carex communis,KJ593266.1,
Carex comosa,KJ841167.1,
Carex conjuncta,,
Carex conoidea,,
Carex crawei,,
Carex crawfordii,,
Carex crinita,KJ593268.1,
Carex cristatella,HQ589993.1,
Carex crus-corvi,,
Carex cryptolepis,,
Carex cumulata,,
Carex davisii,,
Carex debilis,HM849850.1,
Carex deweyana,HQ589994.1,
Carex diandra,KC482264.1,
Carex digitalis,KJ773343.1,
Carex disperma,KJ841173.1,
Carex duriuscula,,
Carex eburnea,,
Carex echinata,HM849852.1,
Carex emmonsii,,
Carex emoryi,,
Carex festucacea,,
Carex flava,,
Carex folliculata,,
Carex formosa,,
Carex frankii,KJ773346.1,
Carex garberi,KC482272.1,
Carex glaucodea,,
Carex gracilescens,,
Carex gracillima,KJ593272.1,
Carex granularis,HQ589995.1,
Carex gravida,,
Carex grayi,,
Carex grisea,,
Carex haydenii,,
Carex hirsutella,,
Carex hirta,KJ841178.1,
Carex hirtifolia,HQ589996.1,
Carex hitchcockiana,,
Carex hystericina,HQ589998.1,
Carex interior,HQ589999.1,
Carex intumescens,KJ773351.1,
Carex jamesii,,
Carex lacustris,,
Carex laeviconica,,
Carex laevivaginata,,
Carex lasiocarpa,JX644625.1,
Carex laxiculmis,,
Carex laxiflora,HQ590002.1,
Carex leavenworthii,,
Carex leptalea,KJ773353.1,
Carex leptonervia,KJ593276.1,
Carex limosa,JX644630.1,
Carex longii,KJ773354.1,
Carex lupuliformis,KJ773355.1,
Carex lupulina,KJ773356.1,
Carex lurida,KJ773357.1,
Carex meadii,,
Carex mesochorea,,
Carex molesta,,
Carex muehlenbergii,,
Carex muskingumensis,,
Carex nebrascensis,,
Carex nigromarginata,,
Carex normalis,,
Carex oligocarpa,DQ006090.1,
Carex oligosperma,,
Carex pallescens,KJ841191.1,
Carex pauciflora,GQ469850.1,
Carex peckii,KJ841192.1,
Carex pedunculata,HQ590005.1,
Carex pellita,,
Carex pensylvanica,HQ590007.1,
Carex plantaginea,HQ590008.1,
Carex platyphylla,KJ841198.1,
Carex praegracilis,,
Carex prairea,,
Carex prasina,KJ841199.1,
Carex praticola,,
Carex projecta,KF977472.1,
Carex pseudocyperus,KJ841201.1,
Carex radiata,KJ841204.1,
Carex retrorsa,HQ590010.1,
Carex richardsonii,,
Carex rosea,HQ590012.1,
Carex rugosperma,KJ841211.1,
Carex sartwellii,,
Carex scabrata,HQ590013.1,
Carex scoparia,,
Carex seorsa,,
Carex shortiana,,
Carex siccata,JX848454.1,
Carex sparganioides,HQ590014.1,
Carex spicata,JN893600.1,
Carex sprengelii,HQ590015.1,
Carex squarrosa,,
Carex sterilis,,
Carex stipata,KJ773358.1,
Carex straminea,,
Carex stricta,,
Carex suberecta,,
Carex swanii,,
Carex tenera,KJ841210.1,
Carex tenuiflora,JX644649.1,
Carex tetanica,,
Carex texensis,,
Carex tonsa,KJ841211.1,
Carex torreyi,,
Carex torta,,
Carex tribuloides,KJ841214.1,
Carex trichocarpa,,
Carex trisperma,KJ841215.1,
Carex tuckermanii,,
Carex typhina,,
Carex utriculata,KJ841217.1,
Carex vaginata,KC482387.1,
Carex vesicaria,KJ841218.1,
Carex virescens,,
Carex viridula,HM849865.1,
Carex vulpinoidea,HQ590018.1,
Carex woodii,KJ593288.1,
Carex x,,
Carpinus caroliniana,X56621.1,
Carthamus tinctorius,L13862.1,
Carum carvi,KJ667630.1,
Carya cordiformis,HQ590021.1,
Carya laciniosa,,
Carya ovalis,AF119186.1,
Carya ovata,AY263931.1,
Carya tomentosa,,
Castanea dentata,KF418892.1,
Castilleja coccinea,,
Castilleja sessiliflora,,
Catalpa speciosa,HE963393.1,
Caulophyllum thalictroides,AF190442.1,
Ceanothus americanus,KC539681.1,
Ceanothus herbaceus,,
Celastrus orbiculatus,AJ235775.1,
Celastrus scandens,AY788195.1,
Celosia argentea,AY270072.1,
Celtis occidentalis,KC539683.1,
Celtis tenuifolia,,
Cenchrus longispinus,,
Centaurea calcitrapa,,
Centaurea cyanus,AB530955.1,
Centaurea diffusa,,
Centaurea jacea,HQ590025.1,
Centaurea montana,,
Centaurea nigra,KM360702.1,
Centaurea nigrescens,HG416982.1,
Centaurea phrygia,,
Centaurea stoebe,KJ746252.1,
Centaurium erythraea,HM849874.1,
Centaurium pulchellum,HM849876.1,
Cephalanthus occidentalis,X83629.1,
Cerastium brachypodum,,
Cerastium fontanum,KM360705.1,
Cerastium glomeratum,HM849882.1,
Cerastium nutans,,
Cerastium pumilum,JN892005.1,
Cerastium semidecandrum,JN892588.1,
Cerastium tomentosum,KF997321.1,
Cerastium velutinum,,
Ceratophyllum demersum,AB917052.1,
Ceratophyllum echinatum,,
Cercis canadensis,U74188.1,
Chaenorrhinum minus,KM360709.1,
Chaerophyllum procumbens,KF613027.1,
Chaiturus marrubiastrum,,
Chamaecrista fasciculata,U74187.1,
Chamaecrista nictitans,AM234248.1,
Chamaedaphne calyculata,L12606.2,
Chamaemelum nobile,HM849885.1,
Chamaesyce geyeri,,
Chamaesyce glyptosperma,,
Chamaesyce humistrata,,
Chamaesyce maculata,JX664045.1,
Chamaesyce nutans,HM849991.1,
Chamaesyce polygonifolia,,
Chamaesyce prostrata,HM849994.1,
Chamaesyce serpens,,
Chamaesyce serpyllifolia,HQ590027.1,
Chamaesyce vermiculata,,
Chamerion angustifolium,KM360765.1,
Chasmanthium latifolium,U31101.1,
Chelidonium majus,KM360713.1,
Chelone glabra,HQ384895.1,
Chelone obliqua,AF026824.1,
Chenopodium album,JX848451.1,
Chenopodium bonus-henricus,AY270079.1,
Chenopodium capitatum,JN965448.1,
Chenopodium glaucum,JF941276.1,
Chenopodium leptophyllum,,
Chenopodium murale,HM849890.1,
Chenopodium rubrum,JN892909.1,
Chenopodium simplex,HQ590032.1,
Chenopodium standleyanum,,
Chenopodium urbicum,HM587596.1,
Chimaphila maculata,KF613044.1,
Chimaphila umbellata,AF419818.1,
Chionanthus virginicus,DQ673309.1,
Chloris verticillata,,
Chondrilla juncea,HE963412.1,
Chorispora tenella,FN594833.1,
Chrysopsis camporum,,
Chrysosplenium americanum,HQ590034.1,
Cichorium intybus,KM360720.1,
Cicuta bulbifera,KJ841237.1,
Cicuta maculata,KJ773386.1,
Cimicifuga racemosa,,
Cinna arundinacea,,
Circaea alpina,L10216.1,
Circaea canadensis,KJ593310.1,
Cirsium altissimum,,
Cirsium arvense,JX848406.1,
Cirsium discolor,GU817749.1,
Cirsium flodmanii,,
Cirsium muticum,,
Cirsium pitcheri,,
Cirsium pumilum,,
Cirsium undulatum,JX848407.1,
Cirsium vulgare,HM849899.1,
Citrullus lanatus,DQ535791.1,
Cladium mariscoides,,
Claytonia virginica,,
Clematis integrifolia,,
Clematis pitcheri,,
Clematis terniflora,GU135147.1,
Clematis virginiana,HQ590040.1,
Cleome serrulata,,
Clinopodium arkansanum,,
Clinopodium vulgare,KM360725.1,
Clintonia borealis,AB056856.1,
Coeloglossum viride,KJ451495.1,
Coincya monensis,JN892991.1,
Coleataenia anceps,HE573408.1,
Coleataenia longifolia,,
Coleataenia rigidula,,
Collinsia verna,,
Collinsonia canadensis,Z37387.1,
Collomia linearis,,
Comandra umbellata,JX848536.1,
Comarum palustre,KF724289.1,
Commelina communis,AY298825.1,
Commelina erecta,JQ591126.1,
Comptonia peregrina,DQ310505.1,
Conioselinum chinense,KF613028.1,
Conium maculatum,L11167.1,
Conoclinium coelestinum,DQ006064.1,
Conopholis americana,,
Conringia orientalis,,
Consolida ajacis,FJ626582.1,
Consolida regalis,JF331671.1,
Convallaria majalis,D28334.1,
Convolvulus arvensis,AY100993.1,
Coptis trifolia,AF093730.1,
Corallorhiza maculata,,
Corallorhiza odontorhiza,,
Corallorhiza trifida,KM526771.1,
Corallorhiza wisteriana,,
Coreopsis basalis,KJ773398.1,
Coreopsis grandiflora,,
Coreopsis lanceolata,HM849915.1,
Coreopsis palmata,,
Coreopsis tinctoria,JX848408.1,
Coreopsis tripteris,,
Coriandrum sativum,HM849916.1,
Corispermum hyssopifolium,,
Cornus alba,KP088541.1,
Cornus alternifolia,AF190432.1,
Cornus canadensis,L11213.2,
Cornus drummondii,,
Cornus florida,EU002276.1,
Cornus obliqua,L11217.2,
Cornus racemosa,DQ340445.1,
Cornus rugosa,EU676910.1,
Corydalis aurea,,
Corydalis flavula,DQ006097.1,
Corydalis micrantha,,
Corydalis sempervirens,KM212113.1,
Corylus americana,KF418949.1,
Corylus cornuta,X56619.1,
Corynephorus canescens,FN870793.1,
Cosmos bipinnatus,KM218349.1,
Cosmos sulphureus,,
Cota tinctoria,KJ204299.1,
Cotinus coggygria,AY510148.1,
Cotoneaster acutifolia,,
Cotoneaster divaricata,,
Cotoneaster magnificus,,
Cotoneaster multiflora,,
Crataegus calpodendron,,
Crataegus chrysocarpa,HQ590047.1,
Crataegus crus-galli,KC251250.1,
Crataegus flabellata,,
Crataegus intricata,,
Crataegus mollis,HQ590052.1,
Crataegus monogyna,KM360737.1,
Crataegus pedicellata,,
Crataegus phaenopyrum,,
Crataegus pruinosa,,
Crataegus punctata,HQ590053.1,
Crataegus succulenta,,
Crepis capillaris,KM360738.1,
Crepis tectorum,JX848409.1,
Crotalaria sagittalis,,
Croton capitatus,KJ773417.1,
Croton glandulosus,KJ773418.1,
Croton lindheimerianus,,
Croton monanthogynus,,
Crypsis schoenoides,EF125105.1,
Cryptogramma stelleri,KC700078.1,
Cryptotaenia canadensis,DQ006050.1,
Cucumis melo,DQ535800.1,
Cucurbita foetidissima,HQ438632.1,
Cuphea viscosissima,HM849928.1,
Cuscuta campestris,EU330268.1,
Cuscuta cephalanthi,EU330264.1,
Cuscuta compacta,AY558863.1,
Cuscuta coryli,KJ436629.1,
Cuscuta glomerata,EU330265.1,
Cuscuta gronovii,AJ320207.2,
Cuscuta pentagona,AY101056.1,
Cuscuta polygonorum,,
Cyclachaena xanthiifolia,,
Cycloloma atriplicifolium,HM587598.1,
Cymbalaria muralis,KM360744.1,
Cynodon dactylon,AM849393.1,
Cynoglossum offlcinale,,
Cynoglossum virginianum,,
Cyperus acuminatus,,
Cyperus bipartitus,,
Cyperus dentatus,,
Cyperus diandrus,,
Cyperus echinatus,HM849941.1,
Cyperus erythrorhizos,DQ006091.1,
Cyperus esculentus,HM849937.1,
Cyperus flavescens,Y13005.1,
Cyperus houghtonii,,
Cyperus lupulinus,HQ590056.1,
Cyperus odoratus,AB369949.1,
Cyperus schweinitzii,,
Cyperus squarrosus,,
Cyperus strigosus,AM999815.1,
Cypripedium acaule,EF370111.1,
Cypripedium arietinum,EF370104.1,
Cypripedium candidum,EF370103.1,
Cypripedium parviflorum,EF370106.1,
Cypripedium reginae,EF370105.1,
Cypripedium x,,
Cystopteris bulbifera,KF186522.1,
Cystopteris fragilis,U05916.1,
Cystopteris protrusa,JX874051.1,
Cystopteris tenuis,KF186506.1,
Dactylis glomerata,JX848494.1,
Dalea candida,,
Dalea enneandra,,
Dalea foliosa,,
Dalea leporina,,
Dalea purpurea,,
Danthonia spicata,FN870387.1,
Dasiphora fruticosa,KC544534.1,
Dasistoma macrophylla,AY563947.1,
Datura stramonium,HM849947.1,
Datura wrightii,,
Daucus carota,KM360751.1,
Decodon verticillatus,AY905406.1,
Delphinium tricorne,EU053910.1,
Dendrolycopodium obscurum,Y07935.1,
Deparia acrostichoides,KF186515.1,
Deschampsia caespitosa,KC482500.1,
Deschampsia flexuosa,KJ841123.1,
Descurainia pinnata,JX848438.1,
Descurainia sophia,JX848439.1,
Desmanthus illinoensis,KJ773441.1,
Desmodium canadense,HQ590061.1,
Desmodium canescens,,
Desmodium ciliare,KJ773442.1,
Desmodium cuspidatum,,
Desmodium glabellum,,
Desmodium glutinosum,KJ593475.1,
Desmodium illinoense,,
Desmodium marilandicum,,
Desmodium nudiflorum,KM212117.1,
Desmodium obtusum,,
Desmodium paniculatum,KJ773445.1,
Desmodium rotundifolium,,
Desmodium sessilifolium,,
Dianthus armeria,KJ841265.1,
Dianthus barbatus,KJ841266.1,
Dianthus deltoides,HE574625.1,
Dianthus plumarius,,
Diarrhena americana,,
Dicentra canadensis,HQ590062.1,
Dicentra cucullaria,KJ593359.1,
Dichanthelium acuminatum,HQ590064.1,
Dichanthelium boreale,,
Dichanthelium clandestinum,FR821369.1,
Dichanthelium commutatum,KJ773450.1,
Dichanthelium depauperatum,HQ713383.1,
Dichanthelium dichotomum,FN870398.1,
Dichanthelium latifolium,KJ841273.1,
Dichanthelium leibergii,,
Dichanthelium linearifolium,KJ841274.1,
Dichanthelium meridionale,,
Dichanthelium oligosanthes,KJ740993.1,
Dichanthelium ovale,,
Dichanthelium perlongum,,
Dichanthelium portoricense,KJ773454.1,
Dichanthelium sphaerocarpon,KJ773456.1,
Dichanthelium spretum,,
Dichanthelium wilcoxianum,,
Didiplis diandra,,
Diervilla lonicera,HQ590066.1,
Digitalis grandiflora,,
Digitaria ciliaris,AM849336.1,
Digitaria flliformis,,
Digitaria ischaemum,KJ204330.1,
Digitaria sanguinalis,HM849953.1,
Diodia teres,KJ773460.1,
Dioscorea villosa,DQ006092.1,
Diphasiastrum complanatum,AB574627.1,
Diphasiastrum tristachyum,KF724375.1,
Diplazium pycnocarpon,KJ841281.1,
Diplotaxis muralis,KF997285.1,
Diplotaxis tenuifolia,KM360753.1,
Dipsacus fullonum,KM360754.1,
Dipsacus laciniatus,,
Dirca palustris,U26322.2,
Distichlis spicata,AY632363.1,
Dodecatheon meadia,U96658.1,
Doellingeria umbellata,KJ841283.1,
Draba brachycarpa,,
Draba reptans,,
Draba verna,KM360771.1,
Dracocephalum parviflorum,,
Dracopis amplexicaulis,,
Drosera intermedia,JN891175.1,
Drosera rotundifolia,KM360758.1,
Drymocallis arguta,JX848522.1,
Dryopteris carthusiana,JQ935272.1,
Dryopteris celsa,JQ935249.1,
Dryopteris clintoniana,KF186502.1,
Dryopteris cristata,U05923.1,
Dryopteris fllix-mas,,
Dryopteris goldiana,JQ935252.1,
Dryopteris intermedia,JQ935261.1,
Dryopteris marginalis,KF186511.1,
Dulichium arundinaceum,AY725943.1,
Dysphania ambrosioides,HM587599.1,
Dysphania botrys,AY270080.1,
Dyssodia papposa,,
Echinacea pallida,,
Echinacea purpurea,AB530963.1,
Echinochloa colona,HE573377.1,
Echinochloa crus-galli,AM887871.1,
Echinochloa walteri,KJ773470.1,
Echinocystis lobata,DQ535809.1,
Echinodorus berteroi,,
Echinops sphaerocephalus,,
Echium vulgare,KF158087.1,
Eclipta prostrata,AY215108.1,
Egeria densa,U80695.1,
Eichhornia crassipes,U41574.1,
Elaeagnus angustifolia,U17038.1,
Elaeagnus umbellata,KP088580.1,
Eleocharis acicularis,AB369953.1,
Eleocharis compressa,,
Eleocharis elliptica,,
Eleocharis engelmannii,,
Eleocharis equisetoides,,
Eleocharis geniculata,AM999823.1,
Eleocharis intermedia,,
Eleocharis melanocarpa,,
Eleocharis microcarpa,,
Eleocharis obtusa,KJ841293.1,
Eleocharis olivacea,,
Eleocharis palustris,KM360762.1,
Eleocharis quadrangulata,AM999827.1,
Eleocharis quinqueflora,U49229.1,
Eleocharis robbinsii,,
Eleocharis rostellata,AM999828.1,
Eleocharis tenuis,,
Eleocharis wolfii,,
Eleusine indica,EF125108.1,
Ellisia nyctelea,,
Elodea canadensis,DQ859167.1,
Elodea nuttallii,KM360763.1,
Elyhordium x,,
Elymus canadensis,HM770840.1,
Elymus hystrix,HQ713386.1,
Elymus repens,KF713006.1,
Elymus riparius,,
Elymus trachycaulus,Z49839.1,
Elymus villosus,,
Elymus virginicus,KC237165.1,
Elytrigia elongata,HQ652724.1,
Endodeca serpentaria,,
Enemion biternatum,EU053911.1,
Epifagus virginiana,HQ197815.1,
Epigaea repens,U49284.1,
Epilobium ciliatum,KF997326.1,
Epilobium coloratum,HQ590077.1,
Epilobium hirsutum,HQ590078.1,
Epilobium leptophyllum,,
Epilobium palustre,JF941485.1,
Epilobium parviflorum,HM849976.1,
Epilobium strictum,,
Epipactis helleborine,KF419090.1,
Equisetum arvense,KM218345.1,
Equisetum fluviatile,AY226142.1,
Equisetum hyemale,DQ646001.1,
Equisetum laevigatum,AY226130.1,
Equisetum palustre,AY226138.1,
Equisetum scirpoides,AY226133.1,
Equisetum sylvaticum,AY226136.1,
Equisetum variegatum,AB574691.1,
Equisetum x,,
Eragrostis capillaris,,
Eragrostis cilianensis,FN870390.1,
Eragrostis frankii,,
Eragrostis hypnoides,KJ773479.1,
Eragrostis mexicana,HE575824.1,
Eragrostis minor,AM849338.1,
Eragrostis pectinacea,HQ590087.1,
Eragrostis reptans,JN681667.1,
Eragrostis spectabilis,HE577858.1,
Eragrostis trichodes,,
Erianthus ravennae,,
Erigenia bulbosa,KF613108.1,
Erigeron annuus,AB851488.1,
Erigeron canadensis,KM360730.1,
Erigeron divaricatus,,
Erigeron philadelphicus,JX848412.1,
Erigeron pulchellus,,
Erigeron strigosus,EU676921.1,
Eriocaulon aquaticum,AF036877.1,
Eriochloa contracta,,
Eriochloa villosa,KF163513.1,
Eriogonum annuum,,
Eriophorum angustifolium,JX644681.1,
Eriophorum gracile,AB369970.1,
Eriophorum vaginatum,AB369971.1,
Eriophorum virginicum,,
Eriophorum viridicarinatum,U49230.1,
Erodium cicutarium,DQ452882.1,
Erucastrum gallicum,JX520951.1,
Eryngium planum,KJ746241.1,
Eryngium yuccifolium,KJ773491.1,
Erysimum capitatum,AY167980.1,
Erysimum cheiranthoides,KM360773.1,
Erysimum hieracifolium,,
Erysimum inconspicuum,JX848441.1,
Erysimum repandum,,
Erythronium albidum,,
Erythronium americanum,HQ590093.1,
Eschscholtzia californica,KM360775.1,
Euonymus alatus,L13184.2,
Euonymus atropurpureus,,
Euonymus bungeanus,KP088589.1,
Euonymus europaeus,KM360777.1,
Euonymus hamiltonianus,AB233942.1,
Euonymus hederaceus,KP088590.1,
Euonymus obovatus,,
Eupatorium altissimum,,
Eupatorium perfoliatum,EU676925.1,
Eupatorium serotinum,KJ773500.1,
Eupatorium sessilifolium,,
Euphorbia commutata,,
Euphorbia corollata,,
Euphorbia cyparissias,KJ746288.1,
Euphorbia esula,KJ746287.1,
Euphorbia helioscopia,HM849988.1,
Euphorbia heterophylla,,
Euphorbia marginata,,
Euphorbia obtusata,,
Euphorbia peplus,KM360778.1,
Eurybia furcata,,
Eurybia macrophylla,KJ593404.1,
Eurybia schreberi,,
Euthamia caroliniana,KJ773503.1,
Euthamia graminifolia,KJ773504.1,
Euthamia gymnospermoides,,
Eutrochium fistulosum,,
Eutrochium maculatum,HQ416171.1,
Eutrochium purpureum,KF724260.1,
Evolvulus nuttallianus,AY101013.1,
Fagopyrum esculentum,EF653762.1,
Fagus grandifolia,L13338.1,
Fallopia cilinodis,KJ593412.1,
Fallopia convolvulus,KM360782.1,
Fallopia sachalinensis,,
Fallopia scandens,EF653759.1,
Fatoua villosa,KJ773508.1,
Festuca flliformis,,
Festuca ovina,HQ600423.1,
Festuca paradoxa,,
Festuca rubra,KJ841324.1,
Festuca saximontana,,
Festuca subverticillata,KJ841325.1,
Ficaria verna,EU053919.1,
Filipendula rubra,,
Filipendula ulmaria,KM360786.1,
Fimbristylis autumnalis,JX644686.1,
Fimbristylis puberula,KJ773513.1,
Floerkea proserpinacoides,L12679.2,
Foeniculum vulgare,KM360787.1,
Forsythia x,,
Fragaria vesca,KM360789.1,
Fragaria virginiana,JX848523.1,
Frangula alnus,KM360790.1,
Frasera caroliniensis,KF613045.1,
Fraxinus americana,KJ773520.1,
Fraxinus nigra,KJ841332.1,
Fraxinus pennsylvanica,KJ773522.1,
Fraxinus profunda,,
Fraxinus quadrangulata,,
Froelichia floridana,AF132089.1,
Froelichia gracilis,,
Fuirena pumila,KJ773523.1,
Fumaria offlcinalis,,
Gaillardia pulchella,KJ773526.1,
Galearis spectabilis,AY381121.1,
Galeopsis ladanum,,
Galeopsis tetrahit,KJ841333.1,
Galinsoga parviflora,KM360797.1,
Galinsoga quadriradiata,GU817762.1,
Galium aparine,DQ006124.1,
Galium asprellum,KJ593429.1,
Galium boreale,JX848534.1,
Galium brevipes,,
Galium circaezans,,
Galium concinnum,KF613049.1,
Galium labradoricum,,
Galium lanceolatum,HQ590110.1,
Galium mollugo,KM360798.1,
Galium obtusum,,
Galium odoratum,JN893409.1,
Galium pedemontanum,,
Galium pilosum,KJ773531.1,
Galium sylvaticum,,
Galium tinctorium,KJ773532.1,
Galium trifidum,,
Galium triflorum,KJ841344.1,
Galium verum,KJ746285.1,
Gamochaeta purpurea,HM850036.1,
Gaultheria hispidula,KJ593437.1,
Gaultheria procumbens,HQ590116.1,
Gaura biennis,,
Gaura coccinea,JX848478.1,
Gaura fllipes,,
Gaura longiflora,,
Gaura parviflora,,
Gaylussacia baccata,,
Gentiana alba,,
Gentiana andrewsii,HQ590117.1,
Gentiana puberulenta,,
Gentiana saponaria,,
Gentiana septemflda,,
Gentianella quinquefolia,KF496035.1,
Gentianopsis crinita,KF613047.1,
Gentianopsis virgata,,
Geranium bicknellii,,
Geranium carolinianum,EU922209.1,
Geranium columbinum,JX913505.1,
Geranium dissectum,JX913459.1,
Geranium maculatum,,
Geranium molle,KM360803.1,
Geranium nepalense,U77906.2,
Geranium pusillum,JX913454.1,
Geranium robertianum,JX913523.1,
Geum aleppicum,JX848524.1,
Geum canadense,DQ006121.1,
Geum laciniatum,,
Geum rivale,KM360804.1,
Geum triflorum,JX848525.1,
Geum urbanum,HE963503.1,
Geum vernum,,
Geum virginianum,,
Ginkgo biloba,JQ512540.1,
Glandularia canadensis,,
Glandularia peruviana,,
Glechoma hederacea,L14292.1,
Gleditsia triacanthos,Z70129.1,
Glyceria borealis,,
Glyceria canadensis,KF724332.1,
Glyceria declinata,HM850032.1,
Glyceria grandis,AY632364.1,
Glyceria maxima,JN891215.1,
Glyceria septentrionalis,KM212126.1,
Glyceria striata,HQ590126.1,
Glycine max,KR073292.1,
Glycyrrhiza lepidota,AB126685.1,
Gnaphalium uliginosum,KM360808.1,
Goodyera pubescens,FJ571329.1,
Gossypium hirsutum,JN243253.1,
Gratiola aurea,,
Gratiola neglecta,DQ006125.1,
Gratiola quartermaniae,,
Gratiola virginiana,HQ235614.1,
Grindelia squarrosa,JX848414.1,
Gymnocarpium dryopteris,U05925.1,
Gymnocladus dioicus,U74193.1,
Gypsophila paniculata,,
Gypsophila scorzonerifolia,,
Hackelia virginiana,,
Hamamelis virginiana,DQ352368.1,
Hedeoma hispida,,
Hedeoma pulegioides,KM212129.1,
Hedera helix,L01924.2,
Helenium amarum,KJ773546.1,
Helenium autumnale,GU817764.1,
Helenium flexuosum,,
Helianthemum bicknellii,,
Helianthemum canadense,,
Helianthus annuus,AF097517.1,
Helianthus decapetalus,,
Helianthus divaricatus,,
Helianthus giganteus,,
Helianthus grosseserratus,,
Helianthus hirsutus,KJ773554.1,
Helianthus maximilianii,,
Helianthus mollis,KF613042.1,
Helianthus occidentalis,,
Helianthus pauciflorus,JX848416.1,
Helianthus petiolaris,,
Helianthus salicifolius,,
Helianthus strumosus,,
Helianthus subrhomboideus,,
Helianthus tuberosus,GU817765.1,
Helianthus x,,
Heliopsis helianthoides,,
Heliotropium europaeum,HM850049.1,
Hemerocallis fulva,KM360813.1,
Hemerocallis lilio-asphodelus,AJ512314.1,
Hepatica acutiloba,HQ589953.1,
Hepatica americana,EU053901.1,
Heracleum mantegazzianum,,
Heracleum maximum,KF613112.1,
Herniaria glabra,AF132091.1,
Heserostipa comata,,
Heserostipa spartea,,
Hesperis matronalis,KM360815.1,
Heteranthera dubia,U41581.1,
Heterotheca subaxillaris,KJ773559.1,
Heuchera americana,,
Heuchera richardsonii,JX848537.1,
Hibiscus laevis,,
Hibiscus moscheutos,KJ773562.1,
Hibiscus syriacus,AY328174.1,
Hibiscus trionum,HM850051.1,
Hieracium aurantiacum,HQ590130.1,
Hieracium caespitosum,HQ590132.1,
Hieracium flagellare,,
Hieracium gronovii,KJ773563.1,
Hieracium longipilum,,
Hieracium paniculatum,KM212130.1,
Hieracium piloselloides,HQ644046.1,
Hieracium scabrum,KM212131.1,
Hieracium umbellatum,JQ933362.1,
Hieracium vulgatum,,
Hierochloe odorata,JX848487.1,
Hippuris vulgaris,KM360818.1,
Holcus lanatus,AJ746279.1,
Holosteum umbellatum,,
Hordeum brachyantherum,AY137451.1,
Hordeum jubatum,Z49841.1,
Hordeum marinum,AY137436.1,
Hordeum pusillum,AY137452.1,
Hordeum vulgare,LN626641.1,
Hosta lancifolia,,
Houstonia caerulea,AJ288604.1,
Houstonia longifolia,,
Hudsonia tomentosa,FJ492019.1,
Humulus japonicus,KC539684.1,
Humulus lupulus,AF206777.1,
Huperzia lucidula,HQ590135.1,
Huperzia porophila,,
Hybanthus concolor,KC699582.1,
Hydrangea arborescens,AF323186.1,
Hydrastis canadensis,L75849.2,
Hydrocotyle ranunculoides,KJ773565.1,
Hydrocotyle umbellata,KJ773566.1,
Hydrophyllum appendiculatum,,
Hydrophyllum canadense,KF158109.1,
Hydrophyllum virginianum,L01927.2,
Hylotelephium telephium,HQ590138.1,
Hylotelephium x,,
Hymenopappus scabiosaeus,KJ773568.1,
Hyoscyamus niger,JN892730.1,
Hypericum adpressum,,
Hypericum ascyron,JF941966.1,
Hypericum boreale,,
Hypericum canadense,,
Hypericum fraseri,JX664051.1,
Hypericum gentianoides,KJ773572.1,
Hypericum gymnanthum,HM850062.1,
Hypericum kalmianum,JX664052.1,
Hypericum majus,,
Hypericum mutilum,HM850065.1,
Hypericum perforatum,AF206779.1,
Hypericum prolificum,,
Hypericum punctatum,HQ590140.1,
Hypericum sphaerocarpum,,
Hypericum virginicum,AF518399.1,
Hypochaeris radicata,KM360829.1,
Hypoxis hirsuta,,
Ilex verticillata,AJ492717.1,
Iliamna remota,,
Impatiens balsamina,GQ436373.1,
Impatiens capensis,Z83142.1,
Impatiens pallida,KM212138.1,
Inula helenium,HQ590141.1,
Iodanthus pinnatifidus,,
Ionactis linariifolius,,
Ipomoea coccinea,L14400.1,
Ipomoea hederacea,KJ773592.1,
Ipomoea lacunosa,DQ006085.1,
Ipomoea pandurata,KJ773596.1,
Ipomoea purpurea,X60663.1,
Ipomopsis rubra,KJ773597.1,
Iris flavescens,,
Iris pseudacorus,JF972900.1,
Iris pumila,,
Iris sibirica,KP089584.1,
Iris virginica,HQ182432.1,
Iris x,,
Isanthus brachiatus,,
Isatis tinctoria,JN847841.1,
Isoetes butleri,,
Isoetes melanopoda,L11054.1,
Isolepis cernua,Y13014.1,
Isotria medeoloides,AY381123.1,
Isotria verticillata,EU498135.1,
Iva annua,KF724259.1,
Jacquemontia tamnifolia,AY101037.1,
Jeffersonia diphylla,L75867.2,
Juglans cinerea,KF418919.1,
Juglans nigra,AF206785.1,
Juncus acuminatus,KJ773602.1,
Juncus alpinoarticulatus,KF997465.1,
Juncus anthelatus,,
Juncus articulatus,KM360834.1,
Juncus balticus,KF997299.1,
Juncus brachycarpus,,
Juncus brachycephalus,,
Juncus bufonius,HM850085.1,
Juncus canadensis,KF724343.1,
Juncus compressus,AY216625.1,
Juncus diffusissimus,KJ773603.1,
Juncus dudleyi,HQ590144.1,
Juncus effusus,L12681.1,
Juncus gerardii,AY216613.1,
Juncus greenei,,
Juncus interior,,
Juncus marginatus,,
Juncus militaris,,
Juncus nodatus,,
Juncus nodosus,,
Juncus pelocarpus,,
Juncus scirpoides,,
Juncus tenuis,HM850091.1,
Juncus torreyi,HQ590148.1,
Juncus vaseyi,,
Juniperus communis,JQ512555.1,
Juniperus horizontalis,HM024310.1,
Juniperus virginiana,AF119182.1,
Justicia americana,L14401.1,
Kallstroemia parviflora,,
Kalmia angustifolia,AF419826.1,
Kickxia elatine,HM850096.1,
Kochia scoparia,AY489264.1,
Koeleria macrantha,JX848501.1,
Krigia biflora,KF613086.1,
Krigia virginica,KJ773608.1,
Kummerowia stipulacea,U74229.1,
Kummerowia striata,KJ773609.1,
Lactuca biennis,KJ593492.1,
Lactuca canadensis,GU817771.1,
Lactuca floridana,KJ773612.1,
Lactuca hirsuta,,
Lactuca ludoviciana,,
Lactuca saligna,,
Lactuca serriola,KM360838.1,
Lamium amplexicaule,Z37399.1,
Lamium galeobdolon,Z37400.1,
Lamium maculatum,Z37402.1,
Lamium purpureum,Z37403.1,
Laportea canadensis,AF500356.1,
Lappula occidentalis,,
Lappula squarrosa,KF158086.1,
Lapsana communis,KM360842.1,
Larix decidua,FN689379.1,
Larix laricina,AF479878.1,
Lathyrus japonicus,HM850107.1,
Lathyrus latifolius,HE963531.1,
Lathyrus ochroleucus,JX848462.1,
Lathyrus palustris,JN891868.1,
Lathyrus tuberosus,Z70172.1,
Lathyrus venosus,JX505484.1,
Lechea intermedia,KF724288.1,
Lechea minor,KJ773617.1,
Lechea mucronata,KJ773618.1,
Lechea pulchella,KJ773619.1,
Lechea racemulosa,,
Lechea stricta,,
Lechea tenuifolia,,
Leersia lenticularis,,
Leersia oryzoides,FN870396.1,
Leersia virginica,HQ590154.1,
Lemna aequinoctialis,AY034228.1,
Lemna gibba,AY034235.1,
Lemna minor,AY034234.1,
Lemna minuta,AY034224.1,
Lemna obscura,AY034232.1,
Lemna perpusilla,AY034229.1,
Lemna trisulca,AY034237.1,
Lemna turionifera,AY034230.1,
Lemna valdiviana,AY034225.1,
Lens culinaris,JN661189.1,
Leontodon saxatilis,HM850115.1,
Leonurus cardiaca,KM360848.1,
Leonurus sibiricus,HQ839683.1,
Lepidium campestre,HQ590157.1,
Lepidium densiflorum,JX848442.1,
Lepidium didymum,JN847819.1,
Lepidium draba,HM850118.1,
Lepidium latifolium,JN891801.1,
Lepidium perfoliatum,JN847820.1,
Lepidium ruderale,JF942219.1,
Lepidium sativum,KF613075.1,
Lepidium virginicum,HM850120.1,
Leptochloa acuminata,,
Leptoloma cognatum,,
Lespedeza capitata,KJ773621.1,
Lespedeza cuneata,U74215.1,
Lespedeza hirta,KJ773622.1,
Lespedeza intermedia,EU717278.1,
Lespedeza leptostachya,,
Lespedeza thunbergii,KP094973.1,
Lespedeza violacea,,
Lespedeza virginica,KJ773624.1,
Leucanthemum vulgare,KM360850.1,
Leucojum aestivum,KM360851.1,
Leucospora multifida,,
Leymus arenarius,GU140017.1,
Liatris aspera,,
Liatris cylindracea,AY816235.1,
Liatris punctata,,
Liatris pycnostachya,,
Liatris scariosa,,
Liatris spicata,HQ416177.1,
Ligustrum obtusifolium,JF830472.1,
Ligustrum vulgare,HQ384901.1,
Lilium lancifolium,AB034937.1,
Lilium michiganense,,
Lilium philadelphicum,JX848475.1,
Linaria genistifolia,,
Linaria vulgaris,KM360853.1,
Lindera benzoin,AY337732.1,
Lindernia dubia,KJ773633.1,
Linnaea borealis,KM360854.1,
Linum intercursum,,
Linum medium,KJ773635.1,
Linum perenne,FJ169582.1,
Linum striatum,FJ169589.1,
Linum sulcatum,FJ169592.1,
Linum usitatissimum,FJ169596.1,
Linum virginianum,,
Liparis lilifolia,AF518046.1,
Liparis loeselii,KM360856.1,
Lipocarpha drummondii,,
Lipocarpha micrantha,KJ773636.1,
Liquidambar styraciflua,M58394.1,
Liriodendron tulipifera,X54346.1,
Lithospermum canescens,,
Lithospermum croceum,,
Lithospermum incisum,EU599857.1,
Lithospermum latifolium,,
Lithospermum offlcinale,,
Lobelia cardinalis,AF042659.1,
Lobelia inflata,HQ590162.1,
Lobelia kalmii,DQ356166.1,
Lobelia siphilitica,DQ006102.1,
Lobelia spicata,KF724236.1,
Lobularia maritima,KM360861.1,
Lolium perenne,KM360863.1,
Lolium temulentum,KJ599185.1,
Lonicera canadensis,HQ590165.1,
Lonicera dioica,,
Lonicera hirsuta,HQ590166.1,
Lonicera japonica,KP088664.1,
Lonicera maackii,KP088665.1,
Lonicera morrowii,KJ841385.1,
Lonicera oblongifolia,,
Lonicera reticulata,AJ420870.1,
Lonicera ruprechtiana,,
Lonicera sempervirens,KJ773641.1,
Lonicera subsessilis,,
Lonicera tatarica,KP088670.1,
Lonicera x,,
Lonicera xylosteum,KF997358.1,
Lotus corniculatus,U74213.1,
Lotus unifoliolatus,,
Ludwigia alternifolia,KJ773642.1,
Ludwigia palustris,KC996782.1,
Ludwigia peploides,L10222.1,
Ludwigia polycarpa,,
Ludwigia sphaerocarpa,,
Lunaria annua,HE963547.1,
Lupinus perennis,Z70058.1,
Lupinus polyphyllus,Z70052.1,
Luzula acuminata,AY216656.1,
Luzula luzuloides,,
Luzula multiflora,AJ419945.1,
Lycium barbarum,KP088673.1,
Lycium chinense,KM360867.1,
Lycopersicon esculentum,KC436105.1,
Lycopodiella inundata,Y07938.1,
Lycopodium clavatum,Y07936.1,
Lycopus americanus,HQ590170.1,
Lycopus amplectens,,
Lycopus asper,,
Lycopus europaeus,HM850150.1,
Lycopus rubellus,KJ773662.1,
Lycopus uniflorus,KJ841399.1,
Lycopus virginicus,KJ773663.1,
Lysimachia ciliata,DQ006120.1,
Lysimachia clethroides,JF942362.1,
Lysimachia hybrida,,
Lysimachia lanceolata,,
Lysimachia nummularia,KM360869.1,
Lysimachia punctata,KF997269.1,
Lysimachia quadriflora,,
Lysimachia quadrifolia,,
Lysimachia terrestris,KJ841402.1,
Lysimachia thyrsiflora,,
Lysimachia vulgaris,AF421095.1,
Lysimachia x,,
Lythrum alatum,KJ773667.1,
Lythrum salicaria,KM360870.1,
Macleaya cordata,U86629.1,
Maclura pomifera,KP088674.1,
Madia sativa,AY215141.1,
Magnolia stellata,AF238057.1,
Mahonia repens,,
Maianthemum canadense,HQ590172.1,
Maianthemum racemosum,AY149376.1,
Maianthemum stellatum,JQ273928.1,
Maianthemum trifolium,KC251461.1,
Malaxis monophyllos,KF852724.1,
Malaxis unifolia,,
Malcolmia africana,JN847814.1,
Malus baccata,JQ391376.1,
Malus coronaria,JQ391359.1,
Malus ioensis,JQ391348.1,
Malus prunifolia,JQ391367.1,
Malus pumila,JQ391355.1,
Malus toringa,,
Malus x,,
Malva alcea,GQ248640.1,
Malva moschata,KJ204372.1,
Malva neglecta,HQ590176.1,
Malva parviflora,HM850158.1,
Malva rotundifolia,,
Malva sylvestris,KM360873.1,
Malva verticillata,JQ933397.1,
Malvastrum hispidum,,
Marrubium vulgare,Z37412.1,
Matricaria chamomilla,KJ751269.1,
Matricaria discoidea,HM850160.1,
Matteuccia struthiopteris,AB232415.1,
Matthiola incana,HM850161.1,
Mazus miquelii,,
Mazus pumilus,FJ172728.1,
Medeola virginiana,D28158.1,
Medicago lupulina,KM360875.1,
Medicago sativa,X04975.1,
Melampyrum lineare,AF026834.1,
Melica mutica,HQ713389.1,
Melica nitens,,
Melilotus albus,DQ006095.1,
Melilotus altissimus,JN890824.1,
Melilotus officinalis,KM360878.1,
Melissa officinalis,KP172046.1,
Menispermum canadense,AF190437.1,
Mentha aquatica,GU344680.1,
Mentha arvensis,HQ590183.1,
Mentha spicata,KP172039.1,
Mentha suaveolens,KP172040.1,
Mentha x,,
Mentzelia decapetala,U17877.1,
Mentzelia nuda,,
Menyanthes trifoliata,KM192096.1,
Mertensia virginica,EU599837.1,
Mikania scandens,KJ773685.1,
Milium effusum,HQ600468.1,
Mimulus alatus,,
Mimulus glabratus,,
Mimulus ringens,KM212146.1,
Minuartia michauxii,,
Minuartia patula,,
Mirabilis albida,,
Mirabilis hirsuta,,
Mirabilis jalapa,M62565.1,
Mirabilis linearis,,
Mirabilis nyctaginea,KF724209.1,
Miscanthus sacchariflorus,KF163521.1,
Miscanthus sinensis,EF125118.1,
Mitchella repens,JX412473.1,
Mitella diphylla,HQ590185.1,
Mitella nuda,HQ590186.1,
Moehringia lateriflora,JN965680.1,
Mollugo verticillata,M62566.1,
Monarda bradburiana,,
Monarda citriodora,JX254905.1,
Monarda clinopodia,,
Monarda didyma,Z37418.1,
Monarda fistulosa,Z37419.1,
Monarda punctata,KJ773690.1,
Monolepis nuttalliana,JX848452.1,
Monotropa hypopithys,KF997344.1,
Monotropa uniflora,,
Morella cerifera,AF119179.1,
Morus alba,L01933.2,
Morus rubra,U06812.1,
Muhlenbergia asperifolia,,
Muhlenbergia bushii,,
Muhlenbergia cuspidata,JX848502.1,
Muhlenbergia frondosa,,
Muhlenbergia glabrifloris,,
Muhlenbergia glomerata,,
Muhlenbergia mexicana,KJ841423.1,
Muhlenbergia racemosa,AJ784836.1,
Muhlenbergia schreberi,KJ773693.1,
Muhlenbergia sobolifera,,
Muhlenbergia sylvatica,,
Muhlenbergia tenuiflora,,
Mulgedium pulchellum,JX848420.1,
Muscari botryoides,,
Muscari racemosum,,
Myosotis arvensis,HM850186.1,
Myosotis laxa,HQ590187.1,
Myosotis scorpioides,GU344681.1,
Myosotis stricta,HM850191.1,
Myosotis sylvatica,HE574616.1,
Myosotis verna,,
Myosoton aquaticum,KM360890.1,
Myosurus minimus,DQ099441.1,
Myriophyllum heterophyllum,KJ773696.1,
Myriophyllum hippuroides,,
Myriophyllum pinnatum,,
Myriophyllum sibiricum,L11195.2,
Myriophyllum spicatum,GU344679.1,
Myriophyllum verticillatum,GU344678.1,
Nabalus albus,KJ593635.1,
Nabalus altissimus,HQ590223.1,
Nabalus asperus,,
Nabalus crepidineus,,
Nabalus racemosus,,
Najas flexilis,KM502138.1,
Najas guadalupensis,DQ859169.1,
Najas marina,U80705.1,
Najas minor,AB004899.1,
Napaea dioica,,
Narcissus pseudo-narcissus,JN890813.1,
Narcissus x,,
Nassella viridula,JX848504.1,
Nasturtium officinale,HM850197.1,
Nelumbo lutea,DQ182337.1,
Nemopanthus mucronatus,X69747.1,
Nepeta cataria,Z37421.1,
Neslia paniculata,DQ310541.1,
Nicandra physalodes,U08615.1,
Nicotiana longiflora,AM286782.1,
Nicotiana rustica,,
Nigella damascena,EU053918.1,
Nothocalais cuspidata,,
Nothoscordum bivalve,Z69202.1,
Nuphar advena,DQ069501.1,
Nuphar variegata,M77029.1,
Nuttallanthus canadensis,KJ773632.1,
Nymphaea odorata,M77034.1,
Nyssa sylvatica,AF119178.1,
Oenanthe javanica,KF496630.1,
Oenothera biennis,KM218350.1,
Oenothera clelandii,,
Oenothera fruticosa,,
Oenothera glazioviana,KM360901.1,
Oenothera grandis,,
Oenothera laciniata,KJ773700.1,
Oenothera nuttallii,,
Oenothera perennis,KJ135372.1,
Oenothera pilosella,KJ135375.1,
Oenothera rhombipetala,,
Oenothera speciosa,AB516355.1,
Oenothera villosa,,
Onoclea sensibilis,JF832076.1,
Ononis campestris,,
Onopordum acanthium,KM360904.1,
Onosmodium hispidissimum,,
Ophioglossum pusillum,AY138413.1,
Opuntia humifusa,KJ773703.1,
Opuntia macrorhiza,,
Orbexilum onobrychis,,
Orbexilum pedunculatum,KJ773706.1,
Origanum vulgare,HM850213.1,
Ornithogalum umbellatum,KF997468.1,
Orobanche fasciculata,U73970.2,
Orobanche uniflora,AY582180.1,
Orthilia secunda,KC483218.1,
Oryzopsis asperifolia,HQ590193.1,
Oryzopsis pungens,,
Oryzopsis racemosa,KJ841447.1,
Osmorhiza claytonii,JF942712.1,
Osmorhiza longistylis,DQ006051.1,
Osmunda cinnamomea,EF588711.1,
Osmunda claytoniana,EF588700.1,
Osmunda spectabilis,,
Ostrya virginiana,X56620.1,
Oxalis corniculata,JN587331.1,
Oxalis stricta,KC481641.1,
Oxalis violacea,EF590553.1,
Oxydendrum arboreum,AF124583.1,
Oxypolis rigidior,,
Pachysandra terminalis,KM360912.1,
Packera aurea,KJ841440.1,
Packera glabella,KJ773710.1,
Packera obovata,,
Packera paupercula,JN965703.1,
Packera plattensis,,
Packera pseudaurea,,
Panax quinquefolius,U50250.1,
Panax trifolius,HQ112614.1,
Panicum capillare,AM849355.1,
Panicum dichotomiflorum,KJ773713.1,
Panicum flexile,HQ713390.1,
Panicum gattingeri,,
Panicum miliaceum,AM849333.1,
Panicum philadelphicum,,
Panicum verrucosum,HE573423.1,
Panicum virgatum,EF125135.1,
Papaver rhoeas,FJ626614.1,
Papaver somniferum,HM850232.1,
Parietaria pensylvanica,AF500357.1,
Parnassia glauca,AY935729.1,
Paronychia canadensis,DQ006082.1,
Paronychia fastigiata,,
Parthenium hysterophorus,AY215155.1,
Parthenium integrifolium,,
Parthenocissus inserta,KM360918.1,
Parthenocissus quinquefolia,AJ402985.1,
Parthenocissus tricuspidata,KP088704.1,
Pascopyrum smithii,JX848505.1,
Paspalum laeve,KJ773723.1,
Paspalum setaceum,KJ773725.1,
Pastinaca sativa,KM360919.1,
Pedicularis canadensis,KM212149.1,
Pedicularis lanceolata,,
Pediomelum argophyllum,JX848465.1,
Pellaea glabella,KF186507.1,
Peltandra virginica,AM905815.1,
Penstemon calycosus,,
Penstemon cobaea,,
Penstemon digitalis,HQ590202.1,
Penstemon gracilis,JX848481.1,
Penstemon grandiflorus,,
Penstemon hirsutus,,
Penstemon pallidus,,
Penstemon tubaeflorus,,
Penthorum sedoides,L11197.2,
Perideridia americana,,
Perilla frutescens,FJ513160.1,
Persicaria amphibia,KM360922.1,
Persicaria arifolia,EF653770.1,
Persicaria bicornis,,
Persicaria bungeana,FM883622.1,
Persicaria careyi,,
Persicaria hydropiper,EF653780.1,
Persicaria hydropiperoides,HM850244.1,
Persicaria lapathifolia,FM883630.1,
Persicaria longiseta,FM883631.1,
Persicaria maculosa,HQ435350.1,
Persicaria orientalis,FM883636.1,
Persicaria pensylvanica,FM883637.1,
Persicaria punctata,AF297143.1,
Persicaria sagittata,AF297141.1,
Persicaria virginiana,AF297135.1,
Petasites hybridus,KM360923.1,
Petrorhagia saxifraga,KF724220.1,
Petunia axillaris,HQ384915.1,
Petunia violacea,,
Petunia x,,
Phalaris arundinacea,KM360926.1,
Phalaris canariensis,KF997405.1,
Phedimus aizoon,KJ570521.1,
Phedimus spurius,,
Phegopteris connectilis,KF186501.1,
Phegopteris hexagonoptera,EF463278.1,
Phellodendron amurense,FN599455.1,
Phemeranthus rugospermum,,
Philadelphus coronarius,KC737405.1,
Philadelphus floridus,,
Philadelphus inodorus,KJ773735.1,
Philadelphus pubescens,,
Phleum pratense,AJ784832.1,
Phlox biflda,,
Phlox divaricata,DQ006116.1,
Phlox drummondii,KJ773736.1,
Phlox glaberrima,,
Phlox maculata,,
Phlox nivalis,,
Phlox paniculata,,
Phlox pilosa,,
Phlox subulata,,
Phragmites australis,KF537347.1,
Phryma leptostachya,AF190439.1,
Phyla cuneifolia,,
Phyla lanceolata,AF206810.1,
Physalis alkekengi,U08617.1,
Physalis angulata,KC551924.1,
Physalis grisea,,
Physalis heterophylla,HQ590207.1,
Physalis lanceolata,,
Physalis philadelphica,,
Physalis pubescens,KJ773744.1,
Physalis pumila,,
Physalis subglabrata,,
Physalis virginiana,,
Physaria gracilis,,
Physocarpus opulifolius,KM360932.1,
Physostegia angustifolia,,
Physostegia virginiana,L14405.1,
Phytolacca americana,M62567.1,
Picea abies,JQ512566.1,
Picea glauca,EF440579.1,
Picea mariana,EF440585.1,
Picris hieracioides,KF196021.1,
Pilea fontana,HQ590208.1,
Pilea pumila,U00438.1,
Pinus banksiana,EF440595.1,
Pinus nigra,DQ353733.1,
Pinus pungens,AB063375.1,
Pinus resinosa,AY497252.1,
Pinus rigida,AY724757.1,
Pinus strobus,JQ512591.1,
Pinus sylvestris,JF701589.1,
Pinus virginiana,JQ512596.1,
Piptochaetium avenaceum,KJ773751.1,
Pistia stratiotes,KC466591.1,
Pisum sativum,X03853.1,
Plagiobothrys hispidulus,,
Plantago aristata,KJ773756.1,
Plantago cordata,,
Plantago lanceolata,L36454.1,
Plantago major,HM850266.1,
Plantago media,AJ389596.1,
Plantago patagonica,,
Plantago psyllium,,
Plantago rugelii,AJ389597.1,
Plantago virginica,KJ773757.1,
Platanthera blephariglottis,KJ773758.1,
Platanthera ciliaris,AF074215.1,
Platanthera clavellata,,
Platanthera dilatata,,
Platanthera flava,,
Platanthera hookeri,,
Platanthera huronensis,KJ841476.1,
Platanthera lacera,,
Platanthera leucophaea,,
Platanthera orbiculata,,
Platanthera psycodes,,
Platanus occidentalis,AF081073.1,
Pluchea odorata,KJ773762.1,
Poa alsodes,HQ590210.1,
Poa annua,FN870404.1,
Poa arida,,
Poa bulbosa,HE963601.1,
Poa chapmaniana,,
Poa compressa,EU676942.1,
Poa languida,,
Poa nemoralis,KJ841479.1,
Poa paludigena,,
Poa palustris,KJ841480.1,
Poa pratensis,KM360936.1,
Poa sylvestris,,
Poa trivialis,HM850270.1,
Poa wolfli,,
Podophyllum peltatum,AF093716.1,
Pogonia ophioglossoides,EU498136.1,
Poinsettia dentata,,
Polanisia dodecandra,AY167984.1,
Polanisia trachysperma,,
Polemonium reptans,L11687.1,
Polygala cruciata,L01945.2,
Polygala incarnata,KJ773767.1,
Polygala polygama,KJ773772.1,
Polygala sanguinea,KF724314.1,
Polygala senega,AM234189.1,
Polygala verticillata,,
Polygaloides paucifolia,,
Polygonatum biflorum,KJ745628.1,
Polygonatum pubescens,KJ745534.1,
Polygonella articulata,EF653760.1,
Polygonum achoreum,,
Polygonum arenastrum,HE963604.1,
Polygonum aviculare,AF297127.1,
Polygonum buxiforme,,
Polygonum erectum,AF297128.1,
Polygonum ramosissimum,,
Polygonum tenue,,
Polymnia canadensis,GU817781.1,
Polypodium virginianum,KF186527.1,
Polystichum acrostichoides,AF537235.1,
Polytaenia nuttallii,,
Pontederia cordata,U41594.1,
Populus alba,HM850277.1,
Populus balsamifera,AJ418826.1,
Populus deltoides,AJ418829.1,
Populus grandidentata,KF940810.1,
Populus heterophylla,,
Populus nigra,KM360940.1,
Populus tremuloides,AF206812.1,
Populus x,,
Portulaca oleracea,HQ621340.1,
Potamogeton amplifolius,L08765.1,
Potamogeton berchtoldii,FJ956852.1,
Potamogeton crispus,U80722.1,
Potamogeton diversifolius,KJ773785.1,
Potamogeton epihydrus,,
Potamogeton foliosus,FJ956851.1,
Potamogeton friesii,JN891792.1,
Potamogeton gramineus,AB196943.1,
Potamogeton illinoensis,,
Potamogeton natans,AB196946.1,
Potamogeton nodosus,HM850281.1,
Potamogeton praelongus,AB196952.1,
Potamogeton pulcher,,
Potamogeton pusillus,HM850283.1,
Potamogeton richardsonii,U03730.1,
Potamogeton robbinsii,U80725.1,
Potamogeton strictifolius,,
Potamogeton vaseyi,,
Potamogeton x,,
Potamogeton zosteriformis,U80726.1,
Potentilla argentea,KF997453.1,
Potentilla inclinata,,
Potentilla indica,KM360759.1,
Potentilla intermedia,,
Potentilla norvegica,JX848530.1,
Potentilla pensylvanica,JX848531.1,
Potentilla recta,HQ590222.1,
Potentilla reptans,HM850287.1,
Potentilla rivalis,,
Potentilla simplex,,
Potentilla tridentata,KM212156.1,
Poterium sanguisorba,HM850336.1,
Prionopsis ciliata,,
Proboscidea louisianica,L01946.2,
Proserpinaca palustris,KJ773786.1,
Prunella vulgaris,KM360941.1,
Prunus americana,HQ235355.1,
Prunus angustifolia,KJ773789.1,
Prunus armeniaca,KF154869.1,
Prunus avium,KP769034.1,
Prunus cerasus,HQ235416.1,
Prunus domestica,L01947.2,
Prunus hortulana,HQ235450.1,
Prunus mahaleb,KP769086.1,
Prunus nigra,HQ235489.1,
Prunus padus,AF411485.1,
Prunus pensylvanica,KP769012.1,
Prunus persica,KF154879.1,
Prunus pumila,HQ235526.1,
Prunus serotina,DQ006123.1,
Prunus subhirtella,AY052514.1,
Prunus tomentosa,AF411495.1,
Prunus virginiana,HQ590227.1,
Pseudognaphalium macounii,,
Pseudognaphalium obtusifolium,KJ773793.1,
Psoralidium tenuiflorum,,
Ptelea trifoliata,KJ773794.1,
Pteridium aquilinum,AB917063.1,
Puccinellia distans,L14621.1,
Pueraria montana,EU717259.1,
Pycnanthemum muticum,,
Pycnanthemum tenuifolium,,
Pycnanthemum verticillatum,,
Pycnanthemum virginianum,,
Pyrola americana,,
Pyrola asarifolia,KJ841503.1,
Pyrola chlorantha,,
Pyrola elliptica,HQ590228.1,
Pyrus betulaefolia,JQ391378.1,
Pyrus calleryana,JQ391379.1,
Pyrus communis,JQ391382.1,
Pyrus pyrifolia,JQ391390.1,
Quercus alba,KF418899.1,
Quercus bicolor,KF418901.1,
Quercus coccinea,,
Quercus ellipsoidalis,LM652996.1,
Quercus imbricaria,,
Quercus macrocarpa,KP088812.1,
Quercus muhlenbergii,,
Quercus palustris,AB125023.1,
Quercus rubra,M58391.1,
Quercus velutina,KJ593653.1,
Quercus x,,
Ranunculus abortivus,HQ590231.1,
Ranunculus acris,KM360953.1,
Ranunculus bulbosus,HM850293.1,
Ranunculus cymbalaria,AY954490.1,
Ranunculus fascicularis,,
Ranunculus flabellaris,,
Ranunculus gmelinii,KC483842.1,
Ranunculus hispidus,EU053920.1,
Ranunculus longirostris,,
Ranunculus pensylvanicus,KJ841512.1,
Ranunculus recurvatus,HQ590233.1,
Ranunculus repens,HM850298.1,
Ranunculus rhomboideus,JX848518.1,
Ranunculus sardous,JN892097.1,
Ranunculus sceleratus,AB517148.1,
Ranunculus testiculatus,,
Raphanus raphanistrum,HM850299.1,
Raphanus sativus,GQ184382.1,
Rapistrum rugosum,HM850300.1,
Ratibida columnifera,AY215170.1,
Ratibida pinnata,,
Reseda alba,M95756.2,
Reseda lutea,AY483273.1,
Reseda luteola,FJ212219.1,
Reynoutria japonica,AF297131.1,
Rhamnus alnifolia,EU676976.1,
Rhamnus arguta,,
Rhamnus cathartica,KM360955.1,
Rhamnus davurica,KP088825.1,
Rhamnus japonica,,
Rhamnus lanceolata,GU271222.1,
Rhamnus utilis,JF317492.1,
Rheum rhabarbarum,,
Rhexia virginica,U26334.2,
Rhododendron groenlandicum,AF419831.1,
Rhododendron periclymenoides,KF724250.1,
Rhodotypos scandens,U06823.1,
Rhus aromatica,,
Rhus copallinum,U00440.1,
Rhus glabra,,
Rhus hirta,GU935441.1,
Rhus x,,
Rhynchospora alba,AM999856.1,
Rhynchospora capillacea,,
Rhynchospora capitellata,,
Rhynchospora fusca,AM999859.1,
Rhynchospora globularis,KJ773832.1,
Rhynchospora macrostachya,,
Rhynchospora nitens,KJ773837.1,
Rhynchospora scirpoides,Y13001.1,
Ribes americanum,JX848471.1,
Ribes aureum,L11204.2,
Ribes cynosbati,HQ590239.1,
Ribes hirtellum,,
Ribes missouriense,,
Ribes nigrum,HE963630.1,
Ribes rubrum,KM360958.1,
Ribes triste,JN965820.1,
Robinia hispida,,
Robinia luxurians,,
Robinia pseudoacacia,U74220.1,
Robinia viscosa,,
Rorippa aquatica,AF020326.1,
Rorippa austriaca,,
Rorippa palustris,KJ841521.1,
Rorippa sessiliflora,,
Rorippa sinuata,,
Rorippa sylvestris,AF020328.1,
Rosa acicularis,JN965822.1,
Rosa arkansana,JX848532.1,
Rosa blanda,HQ590245.1,
Rosa canina,FN689381.1,
Rosa carolina,KJ773843.1,
Rosa centifolia,,
Rosa cinnamomea,,
Rosa eglanteria,JN893209.1,
Rosa gallica,,
Rosa micrantha,HE963634.1,
Rosa multiflora,KP088837.1,
Rosa palustris,KJ773844.1,
Rosa rugosa,KF997265.1,
Rosa setigera,,
Rosa virginiana,,
Rosa x,,
Rotala ramosior,AY905417.1,
Rubus allegheniensis,EU676985.1,
Rubus armeniacus,,
Rubus caesius,FN689382.1,
Rubus flagellaris,HM850313.1,
Rubus frondosus,,
Rubus hispidus,,
Rubus idaeus,KM360961.1,
Rubus laciniatus,,
Rubus missouricus,,
Rubus occidentalis,EU676994.1,
Rubus odoratus,EU676995.1,
Rubus parviflorus,,
Rubus pensilvanicus,,
Rubus phoenicolasius,,
Rubus pubescens,KJ593670.1,
Rubus recurvans,,
Rubus rosa,KF997265.1,
Rubus setosus,,
Rubus wheeleri,,
Rudbeckia fulgida,,
Rudbeckia grandiflora,,
Rudbeckia hirta,AY215173.1,
Rudbeckia laciniata,KJ773848.1,
Rudbeckia subtomentosa,,
Rudbeckia triloba,HQ590249.1,
Ruellia humilis,,
Ruellia strepens,,
Rumex acetosella,HM850316.1,
Rumex altissimus,,
Rumex britannica,,
Rumex conglomeratus,HM850319.1,
Rumex crispus,HM850320.1,
Rumex fueginus,,
Rumex obtusifolius,AF297126.1,
Rumex patientia,JF944143.1,
Rumex thyrsiflorus,,
Rumex triangulivalvis,JX848512.1,
Rumex verticillatus,KJ773851.1,
Ruppia cirrhosa,JN113277.1,
Sabatia angularis,HQ384905.1,
Sabatia campanulata,KJ773855.1,
Sabatia campestris,,
Sagina procumbens,HM850329.1,
Sagittaria brevirostra,,
Sagittaria calycina,,
Sagittaria cuneata,,
Sagittaria graminea,JF781057.1,
Sagittaria latifolia,L08767.1,
Sagittaria rigida,,
Salicornia maritima,JN965832.1,
Salix alba,KC415323.1,
Salix amygdaloides,KC415324.1,
Salix babylonica,FJ788588.1,
Salix bebbiana,KM003349.1,
Salix candida,KM002950.1,
Salix caprea,HE612047.1,
Salix cinerea,JN893030.1,
Salix cordata,KM002960.1,
Salix discolor,FJ788568.1,
Salix eriocephala,HE610664.1,
Salix fragilis,AJ418841.1,
Salix humilis,KJ773862.1,
Salix interior,KC415347.1,
Salix lucida,FJ788590.1,
Salix myricoides,KM003125.1,
Salix nigra,HQ590257.1,
Salix pedicellaris,KM003141.1,
Salix pentandra,KC415360.1,
Salix petiolaris,KM003146.1,
Salix purpurea,AJ849578.1,
Salix pyrifolia,KM003186.1,
Salix sericea,,
Salix serissima,KM003270.1,
Salix x,,
Salsola collina,HM131782.1,
Salsola tragus,,
Salvia azurea,KJ773863.1,
Salvia pratensis,Z37447.1,
Salvia reflexa,,
Salvia sylvestris,AY570446.1,
Sambucus nigra,KJ773864.1,
Sambucus racemosa,L14066.1,
Samolus parviflorus,,
Sanguinaria canadensis,L01951.2,
Sanguisorba canadensis,,
Sanicula canadensis,KJ773865.1,
Sanicula marilandica,,
Sanicula odorata,KJ841552.1,
Sanicula trifoliata,KJ841553.1,
Sanvitalia procumbens,,
Saponaria officinalis,KM360968.1,
Sarracenia purpurea,,
Sassafras albidum,AF206819.1,
Satureja acinos,,
Satureja hortensis,Z37454.1,
Saururus cernuus,L14294.1,
Saxifraga pensylvanica,,
Schedonorus pratensis,AY395536.1,
Scheuchzeria palustris,U03728.1,
Schizachne purpurascens,HQ590262.1,
Schizachyrium scoparium,HE577863.1,
Schoenoplectus acutus,KJ082089.1,
Schoenoplectus fluviatilis,,
Schoenoplectus hallii,,
Schoenoplectus heterochaetus,,
Schoenoplectus maritimus,,
Schoenoplectus pungens,KF997282.1,
Schoenoplectus purshianus,,
Schoenoplectus smithii,,
Schoenoplectus subterminalis,,
Schoenoplectus tabernaemontani,AM999867.1,
Schoenoplectus torreyi,,
Schrankia nuttallii,,
Scilla non-scripta,,
Scilla sibirica,,
Scirpus atrocinctus,EF178579.1,
Scirpus atrovirens,HQ590264.1,
Scirpus cyperinus,EF178580.1,
Scirpus expansus,EF178581.1,
Scirpus georgianus,EF178583.1,
Scirpus hattorianus,EF178584.1,
Scirpus microcarpus,HQ590265.1,
Scirpus pedicellatus,,
Scirpus pendulus,EF178585.1,
Scirpus polyphyllus,,
Scleranthus annuus,AY270145.1,
Scleria muehlenbergii,,
Scleria pauciflora,,
Scleria reticularis,KJ773872.1,
Scleria triglomerata,KJ773873.1,
Scleria verticillata,KJ773874.1,
Sclerochloa dura,KJ599164.1,
Scrophularia lanceolata,KM212155.1,
Scrophularia marilandica,,
Scutellaria elliptica,,
Scutellaria galericulata,Z37459.1,
Scutellaria lateriflora,HQ590266.1,
Scutellaria nervosa,,
Scutellaria ovata,,
Scutellaria parvula,HQ644068.1,
Secale cereale,LN626639.1,
Securigera varia,U74222.1,
Sedum acre,KJ746264.1,
Sedum alboroseum,,
Sedum album,KF613048.1,
Sedum reflexum,KJ746263.1,
Sedum sarmentosum,GQ436422.1,
Sedum sexangulare,KJ746265.1,
Sedum ternatum,,
Selaginella apoda,L11280.1,
Selaginella rupestris,AF093255.1,
Senecio hieraciifolius,,
Senecio jacobaea,GU817769.1,
Senecio suaveolens,,
Senecio viscosus,,
Senecio vulgaris,HM850347.1,
Senna hebecarpa,,
Senna marilandica,,
Senna obtusifolia,KJ773878.1,
Senna occidentalis,KJ773879.1,
Setaria faberi,KF163542.1,
Setaria italica,X79900.1,
Setaria parviflora,FN870409.1,
Setaria pumila,KF163548.1,
Setaria verticillata,FR821349.1,
Setaria viridis,KF163552.1,
Shepherdia canadensis,U17039.1,
Sherardia arvensis,X81106.1,
Sibara virginica,,
Sicyos angulatus,AY862554.1,
Sida spinosa,DQ006105.1,
Silene antirrhina,KJ773896.1,
Silene armeria,AB516354.1,
Silene chalcedonica,,
Silene conica,EF418564.1,
Silene coronaria,,
Silene cserei,,
Silene dichotoma,,
Silene dioica,EF646928.1,
Silene flos-cuculi,KM360866.1,
Silene latifolia,KC171363.1,
Silene nivea,,
Silene noctiflora,EF418556.1,
Silene regia,,
Silene stellata,,
Silene virginica,,
Silene vulgaris,EF646883.1,
Silphium integrifolium,KF613014.1,
Silphium laciniatum,KF613017.1,
Silphium perfoliatum,AY215176.1,
Silphium terebinthinaceum,,
Sinapis alba,HM849823.1,
Sinapis arvensis,HQ590272.1,
Sisymbrium altissimum,JN847834.1,
Sisymbrium loeselii,KJ746308.1,
Sisymbrium officinale,KM360983.1,
Sisyrinchium albidum,,
Sisyrinchium angustifolium,JQ670565.1,
Sisyrinchium atlanticum,,
Sisyrinchium campestre,,
Sisyrinchium montanum,JX848472.1,
Sium suave,HQ590276.1,
Smallanthus uvedalius,KJ773900.1,
Smilax ecirrhata,,
Smilax hispida,KJ719889.1,
Smilax illinoensis,,
Smilax lasioneuron,GU945055.1,
Smilax rotundifolia,AY465710.1,
Solanum americanum,KJ773907.1,
Solanum carolinense,KJ773908.1,
Solanum dimidiatum,,
Solanum dulcamara,KM360986.1,
Solanum elaeagnifolium,,
Solanum physalifolium,HQ644072.1,
Solanum rostratum,,
Solanum triflorum,,
Solanum tuberosum,KJ652187.1,
Solidago altissima,EU677019.1,
Solidago caesia,EU677020.1,
Solidago canadensis,KM360988.1,
Solidago flexicaulis,DQ006066.1,
Solidago gigantea,HM850369.1,
Solidago glaberrima,,
Solidago hispida,KJ841582.1,
Solidago juncea,DQ006068.1,
Solidago nemoralis,EU677028.1,
Solidago ohioensis,,
Solidago patula,,
Solidago ptarmicoides,,
Solidago riddellii,,
Solidago rigida,JX848426.1,
Solidago rigidiuscula,,
Solidago rugosa,EU677029.1,
Solidago sempervirens,KJ773913.1,
Solidago simplex,DQ006069.1,
Solidago speciosa,,
Solidago uliginosa,KF613020.1,
Solidago ulmifolia,,
Sonchus arvensis,JX848427.1,
Sonchus asper,HM850372.1,
Sonchus oleraceus,KM360989.1,
Sorbus americana,KM212157.1,
Sorbus aucuparia,HG765089.1,
Sorbus decora,KJ841590.1,
Sorghastrum nutans,EF125121.1,
Sorghum bicolor,AM849341.1,
Sorghum halepense,EF125122.1,
Sparganium americanum,M91633.1,
Sparganium androcladum,,
Sparganium angustifolium,KC484139.1,
Sparganium eurycarpum,HQ182450.1,
Sparganium natans,JN966012.1,
Spartina pectinata,AJ784821.1,
Spergula arvensis,KM360994.1,
Spergularia marina,HM850381.1,
Spergularia media,JN892555.1,
Spergularia rubra,JN893434.1,
Spermolepis inermis,,
Sphenopholis intermedia,KJ841595.1,
Sphenopholis nitida,,
Sphenopholis obtusata,KJ773923.1,
Spiraea alba,KJ593695.1,
Spiraea douglasii,,
Spiraea prunifolia,,
Spiraea thunbergii,,
Spiraea tomentosa,KM212159.1,
Spiraea x,,
Spiranthes cernua,AF074229.1,
Spiranthes lacera,,
Spiranthes lucida,,
Spiranthes magnicamporum,,
Spiranthes ochroleuca,,
Spiranthes ovalis,,
Spiranthes romanzoffiana,FJ571354.1,
Spiranthes tuberosa,,
Spirodela polyrhiza,KM360996.1,
Sporobolus clandestinus,HQ713391.1,
Sporobolus compositus,KJ740996.1,
Sporobolus cryptandrus,HQ590286.1,
Sporobolus heterolepis,KJ740997.1,
Sporobolus neglectus,,
Sporobolus vaginiflorus,KJ841600.1,
Stachys aspera,,
Stachys byzantina,KP172077.1,
Stachys hyssopifolia,,
Stachys palustris,HE574636.1,
Stachys pilosa,JX848474.1,
Stachys tenuifolia,,
Staphylea trifolia,AY646111.1,
Stellaria crassifolia,KC484148.1,
Stellaria graminea,KM360998.1,
Stellaria longifolia,JX848448.1,
Stellaria media,M62570.1,
Stellaria pallida,KJ841602.1,
Stellaria pubera,,
Stenanthium gramineum,KM242958.1,
Stenosiphon linifolius,,
Streptopus lanceolatus,D17381.1,
Strophostyles helvola,,
Strophostyles leiosperma,,
Stuckenia pectinata,AB196953.1,
Stylophorum diphyllum,U86633.1,
Styrax americanus,L12623.2,
Suaeda calceoliformis,KC484183.1,
Sullivantia sullivantii,,
Symphoricarpos albus,L11682.1,
Symphoricarpos occidentalis,JX848445.1,
Symphoricarpos orbiculatus,AF446934.1,
Symphyotrichum boreale,JN966028.1,
Symphyotrichum ciliatum,KJ593696.1,
Symphyotrichum ciliolatum,EU677039.1,
Symphyotrichum cordifolium,DQ673291.1,
Symphyotrichum divaricatum,,
Symphyotrichum drummondii,,
Symphyotrichum dumosum,KJ773939.1,
Symphyotrichum ericoides,JX848428.1,
Symphyotrichum falcatum,JX848429.1,
Symphyotrichum laeve,JX848430.1,
Symphyotrichum lanceolatum,EU677043.1,
Symphyotrichum lateriflorum,EU677047.1,
Symphyotrichum novae-angliae,GU817740.1,
Symphyotrichum oblongifolium,,
Symphyotrichum ontarionis,KJ593707.1,
Symphyotrichum oolentangiense,,
Symphyotrichum parviceps,,
Symphyotrichum pilosum,EU677053.1,
Symphyotrichum praealtum,,
Symphyotrichum prenanthoides,,
Symphyotrichum puniceum,HQ590290.1,
Symphyotrichum racemosum,,
Symphyotrichum sericeum,,
Symphyotrichum shortii,,
Symphyotrichum subulatum,HM849800.1,
Symphyotrichum urophyllum,EU677055.1,
Symphytum asperum,,
Symphytum offlcinale,,
Symplocarpus foetidus,L10247.2,
Syringa pubescens,,
Syringa vulgaris,DQ673303.1,
Syringa x,,
Taenidia integerrima,,
Tanacetum balsamita,,
Tanacetum parthenium,HM850390.1,
Tanacetum vulgare,KM361004.1,
Taraxacum erythrospermum,,
Taraxacum officinale,KM361005.1,
Tarenaya hassleriana,M95755.2,
Taxus canadensis,EF660724.1,
Teesdalia nudicaulis,HE616650.1,
Tephrosia virginiana,KJ773946.1,
Tetraneuris herbacea,,
Teucrium canadense,DQ006101.1,
Thalictrum dasycarpum,JX258350.1,
Thalictrum dioicum,JX258354.1,
Thalictrum revolutum,JX258393.1,
Thalictrum thalictroides,EU053924.1,
Thaspium barbinode,,
Thaspium trifoliatum,KJ773948.1,
Thelesperma megapotamicum,,
Thelypteris noveboracensis,KF186531.1,
Thelypteris palustris,U05947.1,
Thismia americana,,
Thlaspi arvense,JQ933501.1,
Thuja occidentalis,JQ512620.1,
Thymelaea passerina,,
Thymus serpyllum,KF997486.1,
Tiarella cordifolia,HQ590301.1,
Tidestromia lanuginosa,AY270141.1,
Tilia americana,AF022127.1,
Tipularia discolor,AF074234.1,
Tomanthera auriculata,AY563938.1,
Torilis arvensis,AM234827.1,
Torilis japonica,KM361016.1,
Torreyochloa pallida,KJ841624.1,
Toxicodendron radicans,U39271.2,
Toxicodendron rydbergii,,
Toxicodendron vernix,,
Tradescantia bracteata,,
Tradescantia ohiensis,HQ182454.1,
Tradescantia subaspera,,
Tradescantia virginiana,KF724348.1,
Tragopogon dubius,JX848433.1,
Tragopogon porrifolius,GQ436477.1,
Tragopogon pratensis,KM361018.1,
Triantha glutinosa,DQ182340.1,
Tribulus terrestris,DQ267165.1,
Trichophorum caespitosum,AB369974.1,
Trichophorum clintonii,Y12982.1,
Trichostema dichotomum,U28887.1,
Tridens flavus,JN681710.1,
Trientalis borealis,HQ590306.1,
Trifolium arvense,KJ746232.1,
Trifolium aureum,HQ590307.1,
Trifolium campestre,KJ773958.1,
Trifolium dubium,HM850412.1,
Trifolium fragiferum,HM850413.1,
Trifolium hybridum,KF997421.1,
Trifolium incarnatum,HM850415.1,
Trifolium pratense,AY395564.1,
Trifolium reflexum,,
Trifolium repens,KM361020.1,
Trifolium resupinatum,HM850421.1,
Triglochin maritima,KM361021.1,
Triglochin palustris,GQ452334.1,
Trillium cernuum,KF613056.1,
Trillium erectum,AB018838.1,
Trillium flexipes,KM242969.1,
Trillium grandiflorum,D28164.1,
Trillium nivale,,
Trillium recurvatum,AB018843.1,
Trillium sessile,AB018847.1,
Trillium undulatum,AB018848.1,
Triodanis leptocarpa,,
Triodanis perfoliata,EU713363.1,
Triosteum aurantiacum,HQ590311.1,
Triosteum illinoense,,
Triosteum perfoliatum,AF446935.1,
Triphora trianthophora,AF074236.1,
Triplasis purpurea,KJ773960.1,
Tripleurospermum maritimum,KM361022.1,
Tripsacum dactyloides,EF125124.1,
Triticum aestivum,AY328025.1,
Tsuga canadensis,JQ512626.1,
Tulipa sylvestris,,
Turritis glabra,DQ310542.1,
Tussilago farfara,KM361024.1,
Typha angustifolia,AM110250.1,
Typha domingensis,KJ773961.1,
Typha latifolia,DQ069503.1,
Typha x,,
Ulmus americana,AF500337.1,
Ulmus pumila,KC539685.1,
Ulmus rubra,KC539680.1,
Ulmus thomasii,,
Ulmus x,,
Urtica dioica,AF500361.1,
Utricularia cornuta,,
Utricularia geminiscapa,AF482529.1,
Utricularia gibba,L13190.2,
Utricularia intermedia,JN890779.1,
Utricularia macrorhiza,,
Utricularia minor,KC584902.1,
Utricularia purpurea,,
Utricularia radiata,,
Utricularia resupinata,,
Utricularia subulata,,
Uvularia grandiflora,AB009950.1,
Uvularia sessilifolia,AB009948.1,
Vaccaria hispanica,GQ436664.1,
Vaccinium angustifolium,KJ593742.1,
Vaccinium corymbosum,KJ773964.1,
Vaccinium macrocarpon,L12625.2,
Vaccinium myrtilloides,KJ593745.1,
Vaccinium oxycoccos,JN893514.1,
Vaccinium pallidum,,
Valeriana edulis,AY362485.1,
Valeriana offlcinalis,,
Valeriana uliginosa,,
Valerianella chenopodifolia,,
Valerianella locusta,Y10707.1,
Valerianella umbilicata,,
Vallisneria americana,U03726.1,
Veratrum virginicum,KM242935.1,
Verbascum blattaria,,
Verbascum phlomoides,HE963722.1,
Verbascum speciosum,,
Verbascum thapsus,L36452.1,
Verbascum virgatum,KM361030.1,
Verbena bipinnatifida,JQ734532.1,
Verbena bracteata,HQ384875.1,
Verbena hastata,HQ590318.1,
Verbena simplex,,
Verbena stricta,HQ590319.1,
Verbena urticifolia,DQ006128.1,
Verbena x,,
Verbesina alternifolia,,
Vernonia baldwinii,,
Vernonia fasciculata,,
Vernonia gigantea,GU817787.1,
Vernonia missurica,,
Veronica americana,HQ590321.1,
Veronica anagallis-aquatica,AY034021.1,
Veronica arvensis,HM850447.1,
Veronica biloba,,
Veronica chamaedrys,KJ746275.1,
Veronica longifolia,,
Veronica officinalis,AY034024.1,
Veronica peregrina,HM850451.1,
Veronica persica,HM850452.1,
Veronica polita,KF997262.1,
Veronica scutellata,KJ841653.1,
Veronica serpyllifolia,HM850454.1,
Veronica teucrium,,
Veronica verna,KF997427.1,
Veronicastrum virginicum,,
Viburnum acerifolium,L01959.1,
Viburnum dentatum,JX049474.1,
Viburnum lantana,JQ805469.1,
Viburnum lentago,HQ591739.1,
Viburnum nudum,HQ591749.1,
Viburnum opulus,HQ591775.1,
Viburnum prunifolium,HQ591756.1,
Viburnum raflnesquianum,,
Viburnum recognitum,,
Vicia americana,JX848469.1,
Vicia caroliniana,,
Vicia cracca,KM361032.1,
Vicia dasycarpa,,
Vicia sativa,HM850456.1,
Vicia tetrasperma,HM850463.1,
Vicia villosa,HM850464.1,
Vigna unguiculata,EU717266.1,
Vinca major,HM850466.1,
Vinca minor,AJ419768.1,
Vincetoxicum nigrum,,
Viola affinis,,
Viola arvensis,KM361034.1,
Viola bicolor,,
Viola blanda,KC699613.1,
Viola canadensis,KC699614.1,
Viola cucullata,HQ590335.1,
Viola flmbriatula,,
Viola labradorica,HQ590334.1,
Viola lanceolata,KJ773980.1,
Viola macloskeyi,HQ590336.1,
Viola missouriensis,,
Viola nephrophylla,,
Viola odorata,HM850467.1,
Viola palmata,KJ773981.1,
Viola pedata,,
Viola pedatifida,JX848539.1,
Viola primulifolia,KJ773982.1,
Viola pubescens,JX664075.1,
Viola rostrata,HQ590338.1,
Viola sagittata,,
Viola septentrionalis,,
Viola sororia,HQ590339.1,
Viola striata,,
Viola subsinuata,,
Viola tricolor,KC699617.1,
Viola x,,
Vitis aestivalis,L01960.2,
Vitis labrusca,HE963734.1,
Vitis riparia,HQ590341.1,
Vitis vulpina,KJ773985.1,
Vulpia myuros,FN870411.1,
Vulpia octoflora,KJ773986.1,
Wisteria frutescens,KJ773988.1,
Wolffia brasiliensis,AY034248.1,
Wolffia columbiana,AY034255.1,
Wolffiella gladiata,AY034243.1,
Woodsia obtusa,U05949.1,
Woodwardia areolata,AF425102.1,
Woodwardia virginica,AB040606.1,
Xanthium spinosum,HM850472.1,
Xanthium strumarium,HM850473.1,
Xyris difformis,KF724203.1,
Xyris torta,,
Yucca smalliana,,
Zannichellia palustris,U03725.1,
Zanthoxylum americanum,,
Zea mays,M16836.1,
Zizania aquatica,,
Zizia aptera,JX848397.1,
Zizia aurea,,
Zoysia japonica,AM849385.1,
