Abelmoschus esculentus,Hibiscus esculentus
Abutilon theophrasti
Acalypha gracilens
Acalypha rhomboidea
Acalypha virginica
Acanthopanax sieboldianus
Acer campestre
Acer ginnala
Acer negundo
Acer nigrum
Acer platanoides
Acer pseudoplatanus
Acer rubrum
Acer saccharinum
Acer saccharum
Achillea millefolium
Achillea ptarmica
Aconitum uncinatum
Acorus americanus
Acorus calamus
Acroptilon repens,Centaurea repens
Actaea pachypoda
Actaea rubra
Adiantum pedatum
Adlumia fungosa
Aegilops cylindrica
Aegopodium podagraria
Aesculus glabra
Aesculus hippocastanum
Aethusa cynapium
Agalinis aspera
Agalinis gattingeri
Agalinis paupercula
Agalinis purpurea
Agalinis skinneriana
Agalinis tenuifolia
Agastache nepetoides
Agastache scrophulariaefolia
Ageratina altissima,Eupatorium rugosum
Agrimonia gryposepala
Agrimonia parviflora
Agrimonia pubescens
Agrimonia rostellata
Agrimonia striata
Agropyron cristatum
Agropyron desertorum
Agrostemma githago
Agrostis capillaris,Agrostis tenuis
Agrostis gigantea,Agrostis alba
Agrostis hyemalis
Agrostis perennans
Agrostis scabra
Agrostis stolonifera,Agrostis alba
Ailanthus altissima
Aira caryophyllea
Ajuga genevensis
Ajuga reptans
Akebia quinata
Alcea rosea,Althaea rosea
Aletris farinosa
Alisma subcordatum
Alisma triviale
Alliaria petiolata
Allium burdickii,Allium tricoccum
Allium canadense
Allium cepa
Allium cernuum
Allium flstulosum,Allium fistulosum
Allium mutabile
Allium sativum
Allium schoenoprasum
Allium stellatum
Allium tricoccum
Allium vineale
Alnus glutinosa
Alnus incana,Alnus rugosa
Alnus serrulata
Alopecurus aequalis
Alopecurus carolinianus
Alopecurus geniculatus
Alopecurus pratensis
Althaea officinalis
Alyssum alyssoides
Amaranthus albus
Amaranthus arenicola
Amaranthus blitoides,Amaranthus graecizans
Amaranthus caudatus
Amaranthus cruentus
Amaranthus hybridus
Amaranthus hypochondriacus
Amaranthus palmeri
Amaranthus powellii
Amaranthus retroflexus
Amaranthus rudis,Acnida tamariscina
Amaranthus spinosus
Amaranthus tuberculatus,Acnida altissima
Amberboa moschata,Centaurea moschata
Ambrosia artemisiifolia
Ambrosia psilostachya
Ambrosia tomentosa,Franseria discolor
Ambrosia trifida
Amelanchier arborea
Amelanchier canadensis
Amelanchier humilis
Amelanchier interior
Amelanchier laevis
Amelanchier sanguinea
Ammannia robusta
Ammophila breviligulata
Amorpha canescens
Amorpha fruticosa
Ampelamus albidus
Ampelopsis brevipedunculata
Amphiachyris dracunculoides,Gutierrezia dracunculoides
Amphicarpaea bracteata
Amsinckia menziesii
Amsinckia spectabilis
Anagallis arvensis
Anaphalis margaritacea
Anchusa offlcinalis,Anchusa officinalis
Andromeda polifolia,Andromeda glaucophylla
Andropogon gerardii
Andropogon hallii
Andropogon virginicus
Androsace occidentalis
Anemone canadensis
Anemone caroliniana
Anemone cylindrica
Anemone patens
Anemone quinquefolia
Anemone virginiana
Anethum graveolens
Angelica atropurpurea
Anoda cristata
Antennaria neglecta
Antennaria plantaginifolia
Anthemis arvensis
Anthemis cotula
Anthoxanthum odoratum
Anthriscus caucalis
Anthriscus cerefolium
Anthriscus sylvestris
Anthyllis vulneraria
Anticlea elegans,Zigadenus glaucus
Antirrhinum majus
Antirrhinum orontium
Apera interrupta
Apios americana
Aplectrum hyemale
Apocynum androsaemifolium
Apocynum cannabinum,Apocynum sibiricum
Apocynum x
Aquilegia canadensis
Aquilegia vulgaris
Arabidopsis lyrata,Arabis lyrata
Arabidopsis thaliana
Arabis pycnocarpa,Arabis hirsuta
Arachis hypogaea
Aralia chinensis
Aralia elata
Aralia hispida
Aralia nudicaulis
Aralia racemosa
Arctium lappa
Arctium minus
Arctium tomentosum
Arctostaphylos uva-ursi
Arenaria serpyllifolia
Arethusa bulbosa
Argemone albiflora,Argemone intermedia
Argemone mexicana,Argemone alba
Argentina anserina,Potentilla anserina
Arisaema dracontium
Arisaema triphyllum
Aristida basiramea
Aristida dichotoma
Aristida intermedia
Aristida longespica
Aristida oligantha
Aristida purpurascens
Aristida tuberculosa
Armoracia rusticana
Arnoglossum atriplicifolium,Cacalia atriplicifolia
Arnoglossum plantagineum,Cacalia plantaginea
Arnoglossum reniforme,Cacalia muhlenbergii
Aronia prunifolia
Arrhenatherum elatius
Artemisia abrotanum
Artemisia absinthium
Artemisia annua
Artemisia biennis
Artemisia carruthii
Artemisia caudata
Artemisia dracunculus
Artemisia frigida
Artemisia ludoviciana
Artemisia serrata
Artemisia vulgaris
Aruncus dioicus
Asarum canadense
Asclepias amplexicaulis
Asclepias exaltata
Asclepias incarnata
Asclepias lanuginosa
Asclepias longifolia,Asclepias hirtella
Asclepias meadii
Asclepias ovalifolia
Asclepias perennis
Asclepias purpurascens
Asclepias speciosa
Asclepias sullivantii
Asclepias syriaca
Asclepias tuberosa
Asclepias verticillata
Asclepias viridiflora
Asimina triloba
Asparagus officinalis
Asperugo procumbens
Asplenium platyneuron
Asplenium rhizophyllum,Camptosorus rhizophyllus
Astragalus agrestis
Astragalus canadensis
Astragalus cicer
Astragalus crassicarpus
Astragalus distortus
Astragalus neglectus
Astragalus tennesseensis
Athyrium filix-femina
Atriplex argentea
Atriplex glabriuscula
Atriplex hortensis
Atriplex patula
Atriplex rosea
Aureolaria flava
Aureolaria grandiflora
Aureolaria pedicularia
Aureolaria virginica
Avena fatua
Avena sativa
Azolla cristata,Azolla caroliniana
Bacopa rotundifolia
Ballota nigra
Baptisia alba,Baptisia leucantha
Baptisia australis
Baptisia bracteata,Baptisia leucophaea
Baptisia tinctoria
Barbarea verna
Barbarea vulgaris
Bartonia virginica
Beckmannia syzigachne
Belamcanda chinensis
Bellis perennis
Berberis canadensis
Berberis thunbergii
Berberis vulgaris
Berteroa incana
Berula erecta
Besseya bullii,Wulfenia bullii
Betula alleghaniensis
Betula nigra
Betula papyrifera
Betula pendula
Betula populifolia
Betula pumila
Bidens aristosa,Bidens polylepis
Bidens beckii,Megalodonta beckii
Bidens bipinnata
Bidens cernua
Bidens discoidea
Bidens frondosa
Bidens trichosperma,Bidens coronata
Bidens tripartita,Bidens comosa,Bidens connata
Bidens vulgata
Blephilia ciliata
Blephilia hirsuta
Boechera canadensis,Arabis canadensis
Boechera grahamii,Arabis divaricarpa
Boechera laevigata,Arabis laevigata
Boechera missouriensis,Arabis missouriensis
Boechera shortii,Arabis perstellata
Boechera stricta,Arabis drummondii
Boehmeria cylindrica
Boltonia asteroides,Boltonia latisquama
Borago offlcinalis,Borago officinalis
Bothriochloa laguroides,Andropogon saccharoides
Botrychium campestre
Botrychium dissectum
Botrychium matricariifolium,Botrychium matricariaefolium
Botrychium multifldum,Botrychium multifidum
Botrychium simplex
Botrychium virginianum
Bouteloua curtipendula
Bouteloua gracilis
Bouteloua hirsuta
Brachyelytrum erectum
Brasenia schreberi
Brassica juncea
Brassica napus
Brassica nigra
Brassica rapa
Brickellia eupatorioides,Kuhnia eupatorioides
Bromus arvensis,Bromus japonicus
Bromus brizaeformis
Bromus carinatus
Bromus ciliatus
Bromus commutatus
Bromus hordeaceus,Bromus mollis
Bromus inermis
Bromus kalmii
Bromus latiglumis
Bromus marginatus
Bromus pubescens
Bromus racemosus
Bromus secalinus
Bromus squarrosus
Bromus sterilis
Bromus tectorum
Brunnera macrophylla
Buchloe dactyloides
Buchnera americana
Buglossoides arvense,Lithospermum arvense
Bulbostylis capillaris
Butomus umbellatus
Cakile edentula
Calamagrostis canadensis
Calamagrostis stricta,Calamagrostis inexpansa
Calamovilfa longifolia
Calibrachoa parviflora
Calla palustris
Callirhoe alcaeoides
Callirhoe digitata
Callirhoe involucrata
Callirhoe triangulata
Callitriche heterophylla
Callitriche palustris
Calopogon oklahomensis
Calopogon tuberosus
Caltha palustris
Calylophus serrulatus,Oenothera serrulata
Calyptocarpus vialis
Calystegia hederacea,Convolvulus pellitus
Calystegia sepium,Convolvulus sepium
Calystegia spithamaea,Convolvulus spithamaeus
Camassia scilloides
Camelina microcarpa
Camelina sativa
Campanula aparinoides,Campanula uliginosa
Campanula rapunculoides
Campanula rotundifolia
Campanulastrum americanum,Campanula americana
Campsis radicans
Cannabis sativa
Capsella bursa-pastoris
Cardamine bulbosa
Cardamine concatenata,Dentaria laciniata
Cardamine diphylla,Dentaria diphylla
Cardamine douglassii
Cardamine hirsuta
Cardamine impatiens
Cardamine parviflora
Cardamine pensylvanica
Cardamine pratensis
Cardaria pubescens
Carduus acanthoides
Carduus nutans
Carex abdita,Carex umbellata
Carex acutiformis
Carex aggregata
Carex alata
Carex albicans
Carex albolutescens
Carex albursina
Carex alopecoidea
Carex amphibola
Carex annectens
Carex aquatilis
Carex arctata
Carex argyrantha
Carex atherodes
Carex atlantica
Carex aurea
Carex bebbii
Carex bicknellii
Carex blanda
Carex brevior
Carex bromoides
Carex brunnescens
Carex bushii
Carex buxbaumii
Carex canescens
Carex careyana
Carex cephaloidea
Carex cephalophora
Carex chordorrhiza
Carex communis
Carex comosa
Carex conjuncta
Carex conoidea
Carex crawei
Carex crawfordii
Carex crinita
Carex cristatella
Carex crus-corvi
Carex cryptolepis
Carex cumulata
Carex davisii
Carex debilis
Carex deweyana
Carex diandra
Carex digitalis
Carex disperma
Carex duriuscula,Carex stenophylla
Carex eburnea
Carex echinata
Carex emmonsii
Carex emoryi
Carex festucacea
Carex flava
Carex folliculata
Carex formosa
Carex frankii
Carex garberi
Carex glaucodea
Carex gracilescens
Carex gracillima
Carex granularis
Carex gravida
Carex grayi
Carex grisea
Carex haydenii
Carex hirsutella
Carex hirta
Carex hirtifolia
Carex hitchcockiana
Carex hystericina
Carex interior
Carex intumescens
Carex jamesii
Carex lacustris
Carex laeviconica
Carex laevivaginata
Carex lasiocarpa
Carex laxiculmis
Carex laxiflora
Carex leavenworthii
Carex leptalea
Carex leptonervia
Carex limosa
Carex longii
Carex lupuliformis
Carex lupulina
Carex lurida
Carex meadii
Carex mesochorea
Carex molesta
Carex muehlenbergii,Carex muhlenbergii
Carex muskingumensis
Carex nebrascensis,Carex nebraskensis
Carex nigromarginata
Carex normalis
Carex oligocarpa
Carex oligosperma
Carex pallescens
Carex pauciflora
Carex peckii
Carex pedunculata
Carex pellita
Carex pensylvanica
Carex plantaginea
Carex platyphylla
Carex praegracilis
Carex prairea
Carex prasina
Carex praticola
Carex projecta
Carex pseudocyperus,Carex pseudo-cyperus
Carex radiata
Carex retrorsa
Carex richardsonii
Carex rosea
Carex rugosperma
Carex sartwellii
Carex scabrata
Carex scoparia
Carex seorsa
Carex shortiana
Carex siccata
Carex sparganioides
Carex spicata
Carex sprengelii
Carex squarrosa
Carex sterilis
Carex stipata
Carex straminea
Carex stricta
Carex suberecta
Carex swanii
Carex tenera
Carex tenuiflora
Carex tetanica
Carex texensis
Carex tonsa
Carex torreyi
Carex torta
Carex tribuloides
Carex trichocarpa
Carex trisperma
Carex tuckermanii
Carex typhina
Carex utriculata
Carex vaginata
Carex vesicaria
Carex virescens
Carex viridula
Carex vulpinoidea
Carex woodii
Carex x
Carpinus caroliniana
Carthamus tinctorius
Carum carvi
Carya cordiformis
Carya laciniosa
Carya ovalis,Carya glabra
Carya ovata
Carya tomentosa
Castanea dentata
Castilleja coccinea
Castilleja sessiliflora
Catalpa speciosa
Caulophyllum thalictroides
Ceanothus americanus
Ceanothus herbaceus
Celastrus orbiculatus
Celastrus scandens
Celosia argentea
Celtis occidentalis
Celtis tenuifolia
Cenchrus longispinus
Centaurea calcitrapa
Centaurea cyanus
Centaurea diffusa
Centaurea jacea
Centaurea montana
Centaurea nigra
Centaurea nigrescens,Centaurea vochinensis
Centaurea phrygia
Centaurea stoebe,Centaurea maculosa
Centaurium erythraea
Centaurium pulchellum
Cephalanthus occidentalis
Cerastium brachypodum
Cerastium fontanum,Cerastium vulgatum
Cerastium glomeratum,Cerastium viscosum
Cerastium nutans
Cerastium pumilum
Cerastium semidecandrum
Cerastium tomentosum
Cerastium velutinum,Cerastium arvense
Ceratophyllum demersum
Ceratophyllum echinatum
Cercis canadensis
Chaenorrhinum minus
Chaerophyllum procumbens
Chaiturus marrubiastrum,Leonurus marrubiastrum
Chamaecrista fasciculata,Cassia fasciculata
Chamaecrista nictitans,Cassia nictitans
Chamaedaphne calyculata
Chamaemelum nobile,Anthemis nobilis
Chamaesyce geyeri,Euphorbia geyeri
Chamaesyce glyptosperma,Euphorbia glyptosperma
Chamaesyce humistrata,Euphorbia humistrata
Chamaesyce maculata,Euphorbia maculata,Euphorbia supina
Chamaesyce nutans
Chamaesyce polygonifolia,Euphorbia polygonifolia
Chamaesyce prostrata,Euphorbia chamaesyce
Chamaesyce serpens,Euphorbia serpens
Chamaesyce serpyllifolia,Euphorbia serpyllifolia
Chamaesyce vermiculata,Euphorbia vermiculata
Chamerion angustifolium,Epilobium angustifolium
Chasmanthium latifolium,Uniola latifolia
Chelidonium majus
Chelone glabra
Chelone obliqua
Chenopodium album
Chenopodium bonus-henricus
Chenopodium capitatum
Chenopodium glaucum
Chenopodium leptophyllum
Chenopodium murale
Chenopodium rubrum
Chenopodium simplex,Chenopodium hybridum
Chenopodium standleyanum
Chenopodium urbicum
Chimaphila maculata
Chimaphila umbellata
Chionanthus virginicus
Chloris verticillata
Chondrilla juncea
Chorispora tenella
Chrysopsis camporum
Chrysosplenium americanum
Cichorium intybus
Cicuta bulbifera
Cicuta maculata
Cimicifuga racemosa
Cinna arundinacea
Circaea alpina
Circaea canadensis,Circaea lutetiana
Cirsium altissimum
Cirsium arvense
Cirsium discolor
Cirsium flodmanii
Cirsium muticum
Cirsium pitcheri
Cirsium pumilum,Cirsium hillii
Cirsium undulatum
Cirsium vulgare
Citrullus lanatus
Cladium mariscoides
Claytonia virginica
Clematis integrifolia
Clematis pitcheri
Clematis terniflora
Clematis virginiana
Cleome serrulata
Clinopodium arkansanum,Satureja arkansana
Clinopodium vulgare,Satureja vulgaris
Clintonia borealis
Coeloglossum viride,Habenaria viridis
Coincya monensis
Coleataenia anceps,Panicum anceps
Coleataenia longifolia,Panicum longifolium
Coleataenia rigidula,Panicum rigidulum
Collinsia verna
Collinsonia canadensis
Collomia linearis
Comandra umbellata
Comarum palustre,Potentilla palustris
Commelina communis
Commelina erecta
Comptonia peregrina
Conioselinum chinense
Conium maculatum
Conoclinium coelestinum,Eupatorium coelestinum
Conopholis americana
Conringia orientalis
Consolida ajacis,Delphinium ambiguum
Consolida regalis,Delphinium consolida
Convallaria majalis
Convolvulus arvensis
Coptis trifolia
Corallorhiza maculata
Corallorhiza odontorhiza
Corallorhiza trifida
Corallorhiza wisteriana
Coreopsis basalis
Coreopsis grandiflora
Coreopsis lanceolata
Coreopsis palmata
Coreopsis tinctoria
Coreopsis tripteris
Coriandrum sativum
Corispermum hyssopifolium
Cornus alba,Cornus stolonifera
Cornus alternifolia
Cornus canadensis
Cornus drummondii
Cornus florida
Cornus obliqua
Cornus racemosa
Cornus rugosa
Corydalis aurea
Corydalis flavula
Corydalis micrantha
Corydalis sempervirens
Corylus americana
Corylus cornuta
Corynephorus canescens
Cosmos bipinnatus
Cosmos sulphureus
Cota tinctoria,Anthemis tinctoria
Cotinus coggygria
Cotoneaster acutifolia
Cotoneaster divaricata
Cotoneaster magnificus
Cotoneaster multiflora
Crataegus calpodendron
Crataegus chrysocarpa
Crataegus crus-galli
Crataegus flabellata
Crataegus intricata
Crataegus mollis
Crataegus monogyna
Crataegus pedicellata,Crataegus coccinea
Crataegus phaenopyrum
Crataegus pruinosa
Crataegus punctata
Crataegus succulenta
Crepis capillaris
Crepis tectorum
Crotalaria sagittalis
Croton capitatus
Croton glandulosus
Croton lindheimerianus
Croton monanthogynus
Crypsis schoenoides,Heleochloa schoenoides
Cryptogramma stelleri
Cryptotaenia canadensis
Cucumis melo
Cucurbita foetidissima
Cuphea viscosissima,Cuphea petiolata
Cuscuta campestris
Cuscuta cephalanthi
Cuscuta compacta
Cuscuta coryli
Cuscuta glomerata
Cuscuta gronovii
Cuscuta pentagona
Cuscuta polygonorum
Cyclachaena xanthiifolia,Iva xanthifolia
Cycloloma atriplicifolium
Cymbalaria muralis
Cynodon dactylon
Cynoglossum offlcinale,Cynoglossum officinale
Cynoglossum virginianum,Cynoglossum boreale
Cyperus acuminatus
Cyperus bipartitus,Cyperus rivularis
Cyperus dentatus
Cyperus diandrus
Cyperus echinatus,Cyperus ovularis
Cyperus erythrorhizos
Cyperus esculentus
Cyperus flavescens
Cyperus houghtonii
Cyperus lupulinus,Cyperus filiculmis
Cyperus odoratus,Cyperus engelmannii,Cyperus ferruginescens
Cyperus schweinitzii,Cyperus x
Cyperus squarrosus,Cyperus inflexus
Cyperus strigosus
Cypripedium acaule
Cypripedium arietinum
Cypripedium candidum
Cypripedium parviflorum
Cypripedium reginae
Cypripedium x
Cystopteris bulbifera
Cystopteris fragilis
Cystopteris protrusa,Cystopteris fragilis
Cystopteris tenuis,Cystopteris fragilis
Dactylis glomerata
Dalea candida,Petalostemum candidum
Dalea enneandra
Dalea foliosa,Petalostemum foliosum
Dalea leporina
Dalea purpurea,Petalostemum purpureum
Danthonia spicata
Dasiphora fruticosa,Potentilla fruticosa
Dasistoma macrophylla,Seymeria macrophylla
Datura stramonium
Datura wrightii,Datura innoxia
Daucus carota
Decodon verticillatus
Delphinium tricorne
Dendrolycopodium obscurum,Lycopodium obscurum
Deparia acrostichoides,Athyrium thelypterioides
Deschampsia caespitosa
Deschampsia flexuosa
Descurainia pinnata
Descurainia sophia
Desmanthus illinoensis
Desmodium canadense
Desmodium canescens
Desmodium ciliare
Desmodium cuspidatum
Desmodium glabellum
Desmodium glutinosum
Desmodium illinoense
Desmodium marilandicum
Desmodium nudiflorum
Desmodium obtusum,Desmodium rigidum
Desmodium paniculatum
Desmodium rotundifolium
Desmodium sessilifolium
Dianthus armeria
Dianthus barbatus
Dianthus deltoides
Dianthus plumarius
Diarrhena americana
Dicentra canadensis
Dicentra cucullaria
Dichanthelium acuminatum,Panicum implicatum,Panicum auburne,Panicum lindheimeri,Panicum praecocius,Panicum subvillosum,Panicum villosissimum,Panicum villosissimum
Dichanthelium boreale,Panicum boreale
Dichanthelium clandestinum,Panicum clandestinum
Dichanthelium commutatum,Panicum commutatum
Dichanthelium depauperatum,Panicum depauperatum
Dichanthelium dichotomum,Panicum lucidum,Panicum microcarpon
Dichanthelium latifolium,Panicum latifolium
Dichanthelium leibergii,Panicum leibergii
Dichanthelium linearifolium,Panicum linearifolium
Dichanthelium meridionale,Panicum meridionale
Dichanthelium oligosanthes,Panicum oligosanthes,Panicum oligosanthes
Dichanthelium ovale,Panicum commonsianum,Panicum commonsianum
Dichanthelium perlongum,Panicum perlongum
Dichanthelium portoricense,Panicum columbianum
Dichanthelium sphaerocarpon,Panicum sphaerocarpon
Dichanthelium spretum,Panicum spretum
Dichanthelium wilcoxianum,Panicum wilcoxianum
Didiplis diandra,Peplis diandra
Diervilla lonicera
Digitalis grandiflora
Digitaria ciliaris,Digitaria sanguinalis
Digitaria flliformis,Digitaria filiformis
Digitaria ischaemum
Digitaria sanguinalis
Diodia teres
Dioscorea villosa
Diphasiastrum complanatum,Lycopodium complanatum
Diphasiastrum tristachyum,Lycopodium tristachyum
Diplazium pycnocarpon,Athyrium pycnocarpon
Diplotaxis muralis
Diplotaxis tenuifolia
Dipsacus fullonum,Dipsacus sylvestris
Dipsacus laciniatus
Dirca palustris
Distichlis spicata,Distichlis stricta
Dodecatheon meadia
Doellingeria umbellata,Aster umbellatus
Draba brachycarpa
Draba reptans
Draba verna
Dracocephalum parviflorum
Dracopis amplexicaulis,Rudbeckia amplexicaulis
Drosera intermedia
Drosera rotundifolia
Drymocallis arguta,Potentilla arguta
Dryopteris carthusiana,Dryopteris spinulosa
Dryopteris celsa
Dryopteris clintoniana
Dryopteris cristata
Dryopteris fllix-mas,Dryopteris filix-mas
Dryopteris goldiana
Dryopteris intermedia
Dryopteris marginalis
Dulichium arundinaceum
Dysphania ambrosioides,Chenopodium ambrosioides
Dysphania botrys,Chenopodium botrys
Dyssodia papposa
Echinacea pallida
Echinacea purpurea
Echinochloa colona,Echinochloa colonum
Echinochloa crus-galli,Echinochloa crusgalli
Echinochloa walteri
Echinocystis lobata
Echinodorus berteroi
Echinops sphaerocephalus
Echium vulgare
Eclipta prostrata
Egeria densa
Eichhornia crassipes
Elaeagnus angustifolia
Elaeagnus umbellata
Eleocharis acicularis
Eleocharis compressa
Eleocharis elliptica
Eleocharis engelmannii
Eleocharis equisetoides
Eleocharis geniculata
Eleocharis intermedia
Eleocharis melanocarpa
Eleocharis microcarpa
Eleocharis obtusa,Eleocharis ovata
Eleocharis olivacea
Eleocharis palustris,Eleocharis erythropoda,Eleocharis smallii
Eleocharis quadrangulata
Eleocharis quinqueflora,Eleocharis pauciflora
Eleocharis robbinsii
Eleocharis rostellata
Eleocharis tenuis
Eleocharis wolfii
Eleusine indica
Ellisia nyctelea
Elodea canadensis
Elodea nuttallii
Elyhordium x,Agrohordeum macounii
Elymus canadensis
Elymus hystrix,Hystrix patula
Elymus repens,Agropyron repens
Elymus riparius
Elymus trachycaulus,Agropyron trachycaulum
Elymus villosus
Elymus virginicus
Elytrigia elongata,Agropyron elongatum
Endodeca serpentaria,Aristolochia serpentaria
Enemion biternatum,Isopyrum biternatum
Epifagus virginiana
Epigaea repens
Epilobium ciliatum
Epilobium coloratum
Epilobium hirsutum
Epilobium leptophyllum
Epilobium palustre
Epilobium parviflorum
Epilobium strictum
Epipactis helleborine
Equisetum arvense
Equisetum fluviatile
Equisetum hyemale
Equisetum laevigatum
Equisetum palustre
Equisetum scirpoides
Equisetum sylvaticum
Equisetum variegatum
Equisetum x
Eragrostis capillaris
Eragrostis cilianensis
Eragrostis frankii
Eragrostis hypnoides
Eragrostis mexicana
Eragrostis minor,Eragrostis poaeoides
Eragrostis pectinacea
Eragrostis reptans
Eragrostis spectabilis
Eragrostis trichodes
Erianthus ravennae
Erigenia bulbosa
Erigeron annuus
Erigeron canadensis
Erigeron divaricatus
Erigeron philadelphicus
Erigeron pulchellus
Erigeron strigosus
Eriocaulon aquaticum,Eriocaulon septangulare
Eriochloa contracta
Eriochloa villosa
Eriogonum annuum
Eriophorum angustifolium
Eriophorum gracile
Eriophorum vaginatum,Eriophorum spissum
Eriophorum virginicum
Eriophorum viridicarinatum,Eriophorum viridi-carinatum
Erodium cicutarium
Erucastrum gallicum
Eryngium planum
Eryngium yuccifolium
Erysimum capitatum,Erysimum arkansanum
Erysimum cheiranthoides
Erysimum hieracifolium,Erysimum hieraciifolium
Erysimum inconspicuum
Erysimum repandum
Erythronium albidum
Erythronium americanum
Eschscholtzia californica
Euonymus alatus
Euonymus atropurpureus
Euonymus bungeanus
Euonymus europaeus
Euonymus hamiltonianus
Euonymus hederaceus,Euonymus fortunei
Euonymus obovatus
Eupatorium altissimum
Eupatorium perfoliatum
Eupatorium serotinum
Eupatorium sessilifolium
Euphorbia commutata
Euphorbia corollata
Euphorbia cyparissias
Euphorbia esula
Euphorbia helioscopia
Euphorbia heterophylla
Euphorbia marginata
Euphorbia obtusata
Euphorbia peplus
Eurybia furcata,Aster furcatus
Eurybia macrophylla,Aster macrophyllus
Eurybia schreberi,Aster schreberi
Euthamia caroliniana,Solidago tenuifolia
Euthamia graminifolia,Solidago graminifolia,Solidago graminifolia
Euthamia gymnospermoides,Solidago gymnospermoides
Eutrochium fistulosum,Eupatorium fistulosum
Eutrochium maculatum,Eupatorium maculatum
Eutrochium purpureum,Eupatorium purpureum
Evolvulus nuttallianus
Fagopyrum esculentum
Fagus grandifolia
Fallopia cilinodis,Polygonum cilinode
Fallopia convolvulus,Polygonum convolvulus
Fallopia sachalinensis,Polygonum sachalinense
Fallopia scandens,Polygonum scandens
Fatoua villosa
Festuca flliformis,Festuca capillata
Festuca ovina
Festuca paradoxa
Festuca rubra
Festuca saximontana
Festuca subverticillata,Festuca obtusa
Ficaria verna,Ranunculus ficaria
Filipendula rubra
Filipendula ulmaria
Fimbristylis autumnalis
Fimbristylis puberula
Floerkea proserpinacoides
Foeniculum vulgare
Forsythia x
Fragaria vesca
Fragaria virginiana
Frangula alnus,Rhamnus frangula
Frasera caroliniensis,Swertia caroliniensis
Fraxinus americana
Fraxinus nigra
Fraxinus pennsylvanica
Fraxinus profunda,Fraxinus tomentosa
Fraxinus quadrangulata
Froelichia floridana
Froelichia gracilis
Fuirena pumila
Fumaria offlcinalis,Fumaria officinalis
Gaillardia pulchella
Galearis spectabilis,Orchis spectabilis
Galeopsis ladanum
Galeopsis tetrahit
Galinsoga parviflora
Galinsoga quadriradiata,Galinsoga ciliata
Galium aparine
Galium asprellum
Galium boreale
Galium brevipes
Galium circaezans
Galium concinnum
Galium labradoricum
Galium lanceolatum
Galium mollugo
Galium obtusum
Galium odoratum
Galium pedemontanum
Galium pilosum
Galium sylvaticum
Galium tinctorium
Galium trifidum
Galium triflorum
Galium verum
Gamochaeta purpurea,Gnaphalium purpureum
Gaultheria hispidula
Gaultheria procumbens
Gaura biennis
Gaura coccinea
Gaura fllipes
Gaura longiflora,Gaura biennis
Gaura parviflora
Gaylussacia baccata
Gentiana alba,Gentiana flavida
Gentiana andrewsii
Gentiana puberulenta
Gentiana saponaria
Gentiana septemflda,Gentiana septemfida
Gentianella quinquefolia,Gentiana quinquefolia
Gentianopsis crinita,Gentiana crinita
Gentianopsis virgata,Gentiana procera
Geranium bicknellii
Geranium carolinianum
Geranium columbinum
Geranium dissectum
Geranium maculatum
Geranium molle
Geranium nepalense
Geranium pusillum
Geranium robertianum
Geum aleppicum
Geum canadense
Geum laciniatum
Geum rivale
Geum triflorum
Geum urbanum
Geum vernum
Geum virginianum
Ginkgo biloba
Glandularia canadensis,Verbena canadensis
Glandularia peruviana,Verbena peruviana
Glechoma hederacea
Gleditsia triacanthos
Glyceria borealis
Glyceria canadensis
Glyceria declinata
Glyceria grandis
Glyceria maxima
Glyceria septentrionalis
Glyceria striata
Glycine max
Glycyrrhiza lepidota
Gnaphalium uliginosum
Goodyera pubescens
Gossypium hirsutum
Gratiola aurea
Gratiola neglecta
Gratiola quartermaniae
Gratiola virginiana
Grindelia squarrosa
Gymnocarpium dryopteris,Dryopteris disjuncta
Gymnocladus dioicus,Gymnocladus dioica
Gypsophila paniculata
Gypsophila scorzonerifolia
Hackelia virginiana
Hamamelis virginiana
Hedeoma hispida
Hedeoma pulegioides
Hedera helix
Helenium amarum
Helenium autumnale
Helenium flexuosum
Helianthemum bicknellii
Helianthemum canadense
Helianthus annuus
Helianthus decapetalus
Helianthus divaricatus
Helianthus giganteus
Helianthus grosseserratus
Helianthus hirsutus
Helianthus maximilianii
Helianthus mollis
Helianthus occidentalis
Helianthus pauciflorus,Helianthus rigidus
Helianthus petiolaris
Helianthus salicifolius
Helianthus strumosus
Helianthus subrhomboideus
Helianthus tuberosus
Helianthus x
Heliopsis helianthoides
Heliotropium europaeum
Hemerocallis fulva
Hemerocallis lilio-asphodelus
Hepatica acutiloba
Hepatica americana
Heracleum mantegazzianum
Heracleum maximum
Herniaria glabra
Heserostipa comata,Stipa comata
Heserostipa spartea,Stipa spartea
Hesperis matronalis
Heteranthera dubia
Heterotheca subaxillaris
Heuchera americana
Heuchera richardsonii
Hibiscus laevis
Hibiscus moscheutos,Hibiscus palustris
Hibiscus syriacus
Hibiscus trionum
Hieracium aurantiacum
Hieracium caespitosum
Hieracium flagellare
Hieracium gronovii
Hieracium longipilum
Hieracium paniculatum
Hieracium piloselloides,Hieracium florentinum
Hieracium scabrum
Hieracium umbellatum,Hieracium canadense
Hieracium vulgatum
Hierochloe odorata
Hippuris vulgaris
Holcus lanatus
Holosteum umbellatum
Hordeum brachyantherum
Hordeum jubatum
Hordeum marinum,Hordeum geniculatum
Hordeum pusillum
Hordeum vulgare
Hosta lancifolia
Houstonia caerulea
Houstonia longifolia
Hudsonia tomentosa
Humulus japonicus
Humulus lupulus
Huperzia lucidula,Lycopodium lucidulum
Huperzia porophila,Lycopodium porophilum
Hybanthus concolor
Hydrangea arborescens
Hydrastis canadensis
Hydrocotyle ranunculoides
Hydrocotyle umbellata
Hydrophyllum appendiculatum
Hydrophyllum canadense
Hydrophyllum virginianum
Hylotelephium telephium,Sedum purpureum
Hylotelephium x,Sedum x
Hymenopappus scabiosaeus
Hyoscyamus niger
Hypericum adpressum
Hypericum ascyron,Hypericum pyramidatum
Hypericum boreale
Hypericum canadense
Hypericum fraseri,Hypericum virginicum
Hypericum gentianoides
Hypericum gymnanthum
Hypericum kalmianum
Hypericum majus
Hypericum mutilum
Hypericum perforatum
Hypericum prolificum
Hypericum punctatum
Hypericum sphaerocarpum
Hypericum virginicum
Hypochaeris radicata
Hypoxis hirsuta
Ilex verticillata
Iliamna remota
Impatiens balsamina
Impatiens capensis
Impatiens pallida
Inula helenium
Iodanthus pinnatifidus
Ionactis linariifolius,Aster linariifolius
Ipomoea coccinea
Ipomoea hederacea
Ipomoea lacunosa
Ipomoea pandurata
Ipomoea purpurea
Ipomopsis rubra,Gilia rubra
Iris flavescens
Iris pseudacorus
Iris pumila
Iris sibirica
Iris virginica
Iris x,Iris germanica
Isanthus brachiatus
Isatis tinctoria
Isoetes butleri
Isoetes melanopoda
Isolepis cernua
Isotria medeoloides
Isotria verticillata
Iva annua
Jacquemontia tamnifolia
Jeffersonia diphylla
Juglans cinerea
Juglans nigra
Juncus acuminatus
Juncus alpinoarticulatus,Juncus alpinus
Juncus anthelatus
Juncus articulatus
Juncus balticus
Juncus brachycarpus
Juncus brachycephalus
Juncus bufonius
Juncus canadensis
Juncus compressus
Juncus diffusissimus
Juncus dudleyi
Juncus effusus
Juncus gerardii
Juncus greenei
Juncus interior
Juncus marginatus,Juncus biflorus
Juncus militaris
Juncus nodatus
Juncus nodosus
Juncus pelocarpus
Juncus scirpoides
Juncus tenuis
Juncus torreyi
Juncus vaseyi
Juniperus communis
Juniperus horizontalis
Juniperus virginiana
Justicia americana
Kallstroemia parviflora,Kallstroemia intermedia
Kalmia angustifolia
Kickxia elatine
Kochia scoparia
Koeleria macrantha,Koeleria cristata
Krigia biflora
Krigia virginica
Kummerowia stipulacea,Lespedeza stipulacea
Kummerowia striata,Lespedeza striata
Lactuca biennis
Lactuca canadensis
Lactuca floridana
Lactuca hirsuta
Lactuca ludoviciana
Lactuca saligna
Lactuca serriola
Lamium amplexicaule
Lamium galeobdolon
Lamium maculatum
Lamium purpureum
Laportea canadensis
Lappula occidentalis,Lappula redowskii
Lappula squarrosa,Lappula echinata
Lapsana communis
Larix decidua
Larix laricina
Lathyrus japonicus
Lathyrus latifolius
Lathyrus ochroleucus
Lathyrus palustris
Lathyrus tuberosus
Lathyrus venosus
Lechea intermedia
Lechea minor
Lechea mucronata,Lechea villosa
Lechea pulchella
Lechea racemulosa
Lechea stricta
Lechea tenuifolia
Leersia lenticularis
Leersia oryzoides
Leersia virginica
Lemna aequinoctialis
Lemna gibba
Lemna minor
Lemna minuta,Lemna minuscula
Lemna obscura
Lemna perpusilla
Lemna trisulca
Lemna turionifera
Lemna valdiviana
Lens culinaris
Leontodon saxatilis,Leontodon leysseri
Leonurus cardiaca
Leonurus sibiricus
Lepidium campestre
Lepidium densiflorum
Lepidium didymum,Coronopus didymus
Lepidium draba,Cardaria draba
Lepidium latifolium
Lepidium perfoliatum
Lepidium ruderale
Lepidium sativum
Lepidium virginicum
Leptochloa acuminata,Diplachne acuminata
Leptoloma cognatum
Lespedeza capitata
Lespedeza cuneata
Lespedeza hirta
Lespedeza intermedia
Lespedeza leptostachya
Lespedeza thunbergii
Lespedeza violacea
Lespedeza virginica
Leucanthemum vulgare,Chrysanthemum leucanthemum
Leucojum aestivum
Leucospora multifida,Conobea multifida
Leymus arenarius,Elymus arenarius
Liatris aspera
Liatris cylindracea
Liatris punctata
Liatris pycnostachya
Liatris scariosa
Liatris spicata
Ligustrum obtusifolium
Ligustrum vulgare
Lilium lancifolium
Lilium michiganense
Lilium philadelphicum
Linaria genistifolia,Linaria dalmatica
Linaria vulgaris
Lindera benzoin
Lindernia dubia
Linnaea borealis
Linum intercursum
Linum medium
Linum perenne
Linum striatum
Linum sulcatum
Linum usitatissimum
Linum virginianum
Liparis lilifolia
Liparis loeselii
Lipocarpha drummondii,Hemicarpha drummondii
Lipocarpha micrantha,Hemicarpha micrantha
Liquidambar styraciflua
Liriodendron tulipifera
Lithospermum canescens
Lithospermum croceum
Lithospermum incisum
Lithospermum latifolium
Lithospermum offlcinale,Lithospermum officinale
Lobelia cardinalis
Lobelia inflata
Lobelia kalmii
Lobelia siphilitica
Lobelia spicata
Lobularia maritima
Lolium perenne
Lolium temulentum
Lonicera canadensis
Lonicera dioica
Lonicera hirsuta
Lonicera japonica
Lonicera maackii
Lonicera morrowii
Lonicera oblongifolia
Lonicera reticulata,Lonicera prolifera
Lonicera ruprechtiana
Lonicera sempervirens
Lonicera subsessilis
Lonicera tatarica
Lonicera x
Lonicera xylosteum
Lotus corniculatus
Lotus unifoliolatus,Lotus americanus
Ludwigia alternifolia
Ludwigia palustris
Ludwigia peploides,Jussiaea repens
Ludwigia polycarpa
Ludwigia sphaerocarpa
Lunaria annua
Lupinus perennis
Lupinus polyphyllus
Luzula acuminata
Luzula luzuloides
Luzula multiflora
Lycium barbarum
Lycium chinense
Lycopersicon esculentum,Lycopersicum esculentum
Lycopodiella inundata,Lycopodium inundatum
Lycopodium clavatum
Lycopus americanus
Lycopus amplectens
Lycopus asper
Lycopus europaeus
Lycopus rubellus
Lycopus uniflorus
Lycopus virginicus
Lysimachia ciliata
Lysimachia clethroides
Lysimachia hybrida
Lysimachia lanceolata
Lysimachia nummularia
Lysimachia punctata
Lysimachia quadriflora
Lysimachia quadrifolia
Lysimachia terrestris
Lysimachia thyrsiflora
Lysimachia vulgaris
Lysimachia x
Lythrum alatum
Lythrum salicaria
Macleaya cordata
Maclura pomifera
Madia sativa
Magnolia stellata
Mahonia repens
Maianthemum canadense
Maianthemum racemosum,Smilacina racemosa
Maianthemum stellatum,Smilacina stellata
Maianthemum trifolium,Smilacina trifolia
Malaxis monophyllos,Malaxis brachypoda
Malaxis unifolia
Malcolmia africana
Malus baccata
Malus coronaria
Malus ioensis
Malus prunifolia
Malus pumila
Malus toringa,Malus sieboldii
Malus x
Malva alcea
Malva moschata
Malva neglecta
Malva parviflora
Malva rotundifolia
Malva sylvestris
Malva verticillata
Malvastrum hispidum,Sphaeralcea angusta
Marrubium vulgare
Matricaria chamomilla
Matricaria discoidea,Matricaria matricarioides
Matteuccia struthiopteris
Matthiola incana
Mazus miquelii
Mazus pumilus,Mazus japonicus
Medeola virginiana
Medicago lupulina
Medicago sativa,Medicago x
Melampyrum lineare
Melica mutica
Melica nitens
Melilotus albus,Melilotus alba
Melilotus altissimus,Melilotus altissima
Melilotus officinalis,Melilotus alba
Melissa officinalis
Menispermum canadense
Mentha aquatica
Mentha arvensis
Mentha spicata,Mentha longifolia
Mentha suaveolens
Mentha x
Mentzelia decapetala
Mentzelia nuda
Menyanthes trifoliata
Mertensia virginica
Mikania scandens
Milium effusum
Mimulus alatus
Mimulus glabratus
Mimulus ringens
Minuartia michauxii,Arenaria stricta
Minuartia patula,Arenaria patula
Mirabilis albida
Mirabilis hirsuta
Mirabilis jalapa
Mirabilis linearis
Mirabilis nyctaginea
Miscanthus sacchariflorus
Miscanthus sinensis
Mitchella repens
Mitella diphylla
Mitella nuda
Moehringia lateriflora,Arenaria lateriflora
Mollugo verticillata
Monarda bradburiana
Monarda citriodora
Monarda clinopodia
Monarda didyma
Monarda fistulosa
Monarda punctata
Monolepis nuttalliana
Monotropa hypopithys
Monotropa uniflora
Morella cerifera,Myrica cerifera
Morus alba
Morus rubra
Muhlenbergia asperifolia
Muhlenbergia bushii
Muhlenbergia cuspidata
Muhlenbergia frondosa
Muhlenbergia glabrifloris,Muhlenbergia glabriflora
Muhlenbergia glomerata
Muhlenbergia mexicana
Muhlenbergia racemosa
Muhlenbergia schreberi
Muhlenbergia sobolifera
Muhlenbergia sylvatica
Muhlenbergia tenuiflora
Mulgedium pulchellum,Lactuca pulchella
Muscari botryoides
Muscari racemosum
Myosotis arvensis
Myosotis laxa
Myosotis scorpioides
Myosotis stricta
Myosotis sylvatica
Myosotis verna
Myosoton aquaticum
Myosurus minimus
Myriophyllum heterophyllum
Myriophyllum hippuroides
Myriophyllum pinnatum
Myriophyllum sibiricum,Myriophyllum exalbescens
Myriophyllum spicatum
Myriophyllum verticillatum
Nabalus albus,Prenanthes alba
Nabalus altissimus,Prenanthes altissima
Nabalus asperus,Prenanthes aspera
Nabalus crepidineus,Prenanthes crepidinea
Nabalus racemosus,Prenanthes racemosa
Najas flexilis
Najas guadalupensis
Najas marina
Najas minor
Napaea dioica
Narcissus pseudo-narcissus,Narcissus pseudonarcissus
Narcissus x
Nassella viridula,Stipa viridula
Nasturtium officinale
Nelumbo lutea
Nemopanthus mucronatus,Nemopanthus mucronata
Nepeta cataria
Neslia paniculata
Nicandra physalodes
Nicotiana longiflora
Nicotiana rustica
Nigella damascena
Nothocalais cuspidata,Agoseris cuspidata
Nothoscordum bivalve
Nuphar advena
Nuphar variegata,Nuphar variegatum
Nuttallanthus canadensis,Linaria canadensis
Nymphaea odorata,Nymphaea tuberosa
Nyssa sylvatica
Oenanthe javanica
Oenothera biennis
Oenothera clelandii
Oenothera fruticosa,Oenothera tetragona
Oenothera glazioviana
Oenothera grandis
Oenothera laciniata
Oenothera nuttallii
Oenothera perennis
Oenothera pilosella
Oenothera rhombipetala
Oenothera speciosa
Oenothera villosa
Onoclea sensibilis
Ononis campestris,Ononis spinosa
Onopordum acanthium
Onosmodium hispidissimum
Ophioglossum pusillum,Ophioglossum vulgatum
Opuntia humifusa
Opuntia macrorhiza
Orbexilum onobrychis,Psoralea onobrychis
Orbexilum pedunculatum,Psoralea psoralioides
Origanum vulgare
Ornithogalum umbellatum
Orobanche fasciculata
Orobanche uniflora
Orthilia secunda,Pyrola secunda
Oryzopsis asperifolia
Oryzopsis pungens
Oryzopsis racemosa
Osmorhiza claytonii
Osmorhiza longistylis
Osmunda cinnamomea
Osmunda claytoniana
Osmunda spectabilis,Osmunda regalis
Ostrya virginiana
Oxalis corniculata
Oxalis stricta,Oxalis europaea
Oxalis violacea
Oxydendrum arboreum
Oxypolis rigidior
Pachysandra terminalis
Packera aurea,Senecio aureus
Packera glabella,Senecio glabellus
Packera obovata,Senecio obovatus
Packera paupercula,Senecio pauperculus
Packera plattensis,Senecio plattensis
Packera pseudaurea
Panax quinquefolius
Panax trifolius
Panicum capillare
Panicum dichotomiflorum
Panicum flexile
Panicum gattingeri
Panicum miliaceum
Panicum philadelphicum,Panicum tuckermanii
Panicum verrucosum
Panicum virgatum
Papaver rhoeas
Papaver somniferum
Parietaria pensylvanica
Parnassia glauca
Paronychia canadensis
Paronychia fastigiata
Parthenium hysterophorus
Parthenium integrifolium
Parthenocissus inserta
Parthenocissus quinquefolia
Parthenocissus tricuspidata
Pascopyrum smithii,Agropyron smithii
Paspalum laeve
Paspalum setaceum,Paspalum ciliatifolium,Paspalum ciliatifolium
Pastinaca sativa
Pedicularis canadensis
Pedicularis lanceolata
Pediomelum argophyllum,Psoralea argophylla
Pellaea glabella
Peltandra virginica
Penstemon calycosus
Penstemon cobaea
Penstemon digitalis
Penstemon gracilis
Penstemon grandiflorus
Penstemon hirsutus
Penstemon pallidus
Penstemon tubaeflorus
Penthorum sedoides
Perideridia americana
Perilla frutescens
Persicaria amphibia,Polygonum coccineum,Polygonum amphibium
Persicaria arifolia,Polygonum arifolium
Persicaria bicornis,Polygonum longistylum
Persicaria bungeana,Polygonum bungeanum
Persicaria careyi,Polygonum careyi
Persicaria hydropiper,Polygonum hydropiper
Persicaria hydropiperoides,Polygonum opelousanum
Persicaria lapathifolia,Polygonum lapathifolium,Polygonum scabrum
Persicaria longiseta,Polygonum cespitosum
Persicaria maculosa,Polygonum persicaria
Persicaria orientalis,Polygonum orientale
Persicaria pensylvanica,Polygonum pensylvanicum
Persicaria punctata,Polygonum punctatum
Persicaria sagittata,Polygonum sagittatum
Persicaria virginiana,Polygonum virginianum
Petasites hybridus
Petrorhagia saxifraga
Petunia axillaris
Petunia violacea
Petunia x
Phalaris arundinacea
Phalaris canariensis
Phedimus aizoon
Phedimus spurius,Sedum spurium
Phegopteris connectilis,Dryopteris phegopteris
Phegopteris hexagonoptera,Dryopteris hexagonoptera
Phellodendron amurense
Phemeranthus rugospermum,Talinum rugospermum
Philadelphus coronarius
Philadelphus floridus
Philadelphus inodorus
Philadelphus pubescens
Phleum pratense
Phlox biflda,Phlox bifida
Phlox divaricata
Phlox drummondii
Phlox glaberrima
Phlox maculata
Phlox nivalis
Phlox paniculata
Phlox pilosa
Phlox subulata
Phragmites australis
Phryma leptostachya
Phyla cuneifolia,Lippia cuneifolia
Phyla lanceolata,Lippia lanceolata
Physalis alkekengi
Physalis angulata,Physalis pendula
Physalis grisea,Physalis pruinosa
Physalis heterophylla
Physalis lanceolata,Physalis hispida
Physalis philadelphica,Physalis ixocarpa
Physalis pubescens
Physalis pumila
Physalis subglabrata
Physalis virginiana
Physaria gracilis,Lesquerella gracilis
Physocarpus opulifolius
Physostegia angustifolia
Physostegia virginiana
Phytolacca americana
Picea abies
Picea glauca
Picea mariana
Picris hieracioides
Pilea fontana
Pilea pumila
Pinus banksiana
Pinus nigra
Pinus pungens
Pinus resinosa
Pinus rigida
Pinus strobus
Pinus sylvestris
Pinus virginiana
Piptochaetium avenaceum,Stipa avenacea
Pistia stratiotes
Pisum sativum
Plagiobothrys hispidulus,Plagiobothrys scouleri
Plantago aristata
Plantago cordata
Plantago lanceolata
Plantago major
Plantago media
Plantago patagonica
Plantago psyllium,Plantago indica
Plantago rugelii
Plantago virginica
Platanthera blephariglottis,Habenaria blephariglottis
Platanthera ciliaris,Habenaria ciliaris
Platanthera clavellata,Habenaria clavellata
Platanthera dilatata,Habenaria dilatata
Platanthera flava,Habenaria flava
Platanthera hookeri,Habenaria hookeri
Platanthera huronensis,Habenaria hyperborea
Platanthera lacera,Habenaria lacera
Platanthera leucophaea,Habenaria leucophaea
Platanthera orbiculata,Habenaria orbiculata
Platanthera psycodes,Habenaria psycodes
Platanus occidentalis
Pluchea odorata
Poa alsodes
Poa annua
Poa arida
Poa bulbosa
Poa chapmaniana
Poa compressa
Poa languida
Poa nemoralis
Poa paludigena
Poa palustris
Poa pratensis
Poa sylvestris
Poa trivialis
Poa wolfli,Poa wolfii
Podophyllum peltatum
Pogonia ophioglossoides
Poinsettia dentata,Euphorbia dentata
Polanisia dodecandra,Polanisia graveolens
Polanisia trachysperma
Polemonium reptans
Polygala cruciata
Polygala incarnata
Polygala polygama
Polygala sanguinea
Polygala senega
Polygala verticillata
Polygaloides paucifolia,Polygala paucifolia
Polygonatum biflorum,Polygonatum canaliculatum
Polygonatum pubescens
Polygonella articulata
Polygonum achoreum
Polygonum arenastrum
Polygonum aviculare
Polygonum buxiforme
Polygonum erectum
Polygonum ramosissimum
Polygonum tenue
Polymnia canadensis
Polypodium virginianum
Polystichum acrostichoides
Polytaenia nuttallii
Pontederia cordata
Populus alba
Populus balsamifera
Populus deltoides
Populus grandidentata
Populus heterophylla
Populus nigra
Populus tremuloides
Populus x,Populus canescens
Portulaca oleracea
Potamogeton amplifolius
Potamogeton berchtoldii
Potamogeton crispus
Potamogeton diversifolius
Potamogeton epihydrus
Potamogeton foliosus
Potamogeton friesii
Potamogeton gramineus
Potamogeton illinoensis
Potamogeton natans
Potamogeton nodosus
Potamogeton praelongus
Potamogeton pulcher
Potamogeton pusillus
Potamogeton richardsonii
Potamogeton robbinsii
Potamogeton strictifolius
Potamogeton vaseyi
Potamogeton x
Potamogeton zosteriformis
Potentilla argentea
Potentilla inclinata
Potentilla indica,Duchesnea indica
Potentilla intermedia
Potentilla norvegica
Potentilla pensylvanica
Potentilla recta
Potentilla reptans
Potentilla rivalis
Potentilla simplex
Potentilla tridentata
Poterium sanguisorba,Sanguisorba minor
Prionopsis ciliata,Haplopappus ciliatus
Proboscidea louisianica
Proserpinaca palustris
Prunella vulgaris
Prunus americana
Prunus angustifolia
Prunus armeniaca
Prunus avium
Prunus cerasus
Prunus domestica
Prunus hortulana
Prunus mahaleb
Prunus nigra
Prunus padus
Prunus pensylvanica
Prunus persica
Prunus pumila
Prunus serotina
Prunus subhirtella
Prunus tomentosa
Prunus virginiana
Pseudognaphalium macounii,Gnaphalium macounii
Pseudognaphalium obtusifolium,Gnaphalium obtusifolium
Psoralidium tenuiflorum,Psoralea tenuiflora
Ptelea trifoliata
Pteridium aquilinum
Puccinellia distans
Pueraria montana
Pycnanthemum muticum
Pycnanthemum tenuifolium
Pycnanthemum verticillatum,Pycnanthemum pilosum
Pycnanthemum virginianum
Pyrola americana,Pyrola rotundifolia
Pyrola asarifolia
Pyrola chlorantha,Pyrola virens
Pyrola elliptica
Pyrus betulaefolia
Pyrus calleryana
Pyrus communis
Pyrus pyrifolia
Quercus alba
Quercus bicolor
Quercus coccinea
Quercus ellipsoidalis
Quercus imbricaria
Quercus macrocarpa
Quercus muhlenbergii
Quercus palustris
Quercus rubra
Quercus velutina
Quercus x
Ranunculus abortivus
Ranunculus acris
Ranunculus bulbosus
Ranunculus cymbalaria
Ranunculus fascicularis
Ranunculus flabellaris
Ranunculus gmelinii,Ranunculus gmelini
Ranunculus hispidus
Ranunculus longirostris
Ranunculus pensylvanicus
Ranunculus recurvatus
Ranunculus repens
Ranunculus rhomboideus
Ranunculus sardous
Ranunculus sceleratus
Ranunculus testiculatus,Ceratocephalus testiculatus
Raphanus raphanistrum
Raphanus sativus
Rapistrum rugosum
Ratibida columnifera
Ratibida pinnata
Reseda alba
Reseda lutea
Reseda luteola
Reynoutria japonica,Polygonum cuspidatum
Rhamnus alnifolia
Rhamnus arguta
Rhamnus cathartica
Rhamnus davurica
Rhamnus japonica
Rhamnus lanceolata
Rhamnus utilis
Rheum rhabarbarum,Rheum rhaponticum
Rhexia virginica
Rhododendron groenlandicum,Ledum groenlandicum
Rhododendron periclymenoides,Rhododendron nudiflorum
Rhodotypos scandens
Rhus aromatica
Rhus copallinum,Rhus copallina
Rhus glabra
Rhus hirta,Rhus typhina
Rhus x
Rhynchospora alba
Rhynchospora capillacea
Rhynchospora capitellata
Rhynchospora fusca
Rhynchospora globularis
Rhynchospora macrostachya
Rhynchospora nitens,Psilocarya nitens
Rhynchospora scirpoides,Psilocarya scirpoides
Ribes americanum
Ribes aureum,Ribes odoratum
Ribes cynosbati
Ribes hirtellum
Ribes missouriense
Ribes nigrum
Ribes rubrum,Ribes sativum
Ribes triste
Robinia hispida
Robinia luxurians
Robinia pseudoacacia
Robinia viscosa
Rorippa aquatica,Armoracia aquatica
Rorippa austriaca
Rorippa palustris
Rorippa sessiliflora
Rorippa sinuata
Rorippa sylvestris
Rosa acicularis
Rosa arkansana
Rosa blanda
Rosa canina
Rosa carolina
Rosa centifolia
Rosa cinnamomea
Rosa eglanteria
Rosa gallica
Rosa micrantha
Rosa multiflora
Rosa palustris
Rosa rugosa
Rosa setigera
Rosa virginiana
Rosa x
Rotala ramosior
Rubus allegheniensis
Rubus armeniacus
Rubus caesius
Rubus flagellaris,Rubus enslenii
Rubus frondosus
Rubus hispidus
Rubus idaeus
Rubus laciniatus
Rubus missouricus
Rubus occidentalis
Rubus odoratus
Rubus parviflorus
Rubus pensilvanicus
Rubus phoenicolasius
Rubus pubescens
Rubus recurvans
Rubus rosa
Rubus setosus
Rubus wheeleri
Rudbeckia fulgida,Rudbeckia speciosa
Rudbeckia grandiflora
Rudbeckia hirta
Rudbeckia laciniata
Rudbeckia subtomentosa
Rudbeckia triloba
Ruellia humilis
Ruellia strepens
Rumex acetosella
Rumex altissimus
Rumex britannica,Rumex orbiculatus
Rumex conglomeratus
Rumex crispus
Rumex fueginus,Rumex maritimus
Rumex obtusifolius
Rumex patientia
Rumex thyrsiflorus
Rumex triangulivalvis,Rumex mexicanus
Rumex verticillatus
Ruppia cirrhosa,Ruppia maritima
Sabatia angularis
Sabatia campanulata
Sabatia campestris
Sagina procumbens
Sagittaria brevirostra
Sagittaria calycina,Lophotocarpus calycinus
Sagittaria cuneata
Sagittaria graminea
Sagittaria latifolia
Sagittaria rigida
Salicornia maritima,Salicornia europaea
Salix alba
Salix amygdaloides
Salix babylonica
Salix bebbiana
Salix candida
Salix caprea
Salix cinerea
Salix cordata,Salix syrticola
Salix discolor
Salix eriocephala
Salix fragilis
Salix humilis
Salix interior
Salix lucida
Salix myricoides,Salix glaucophylloides
Salix nigra
Salix pedicellaris
Salix pentandra
Salix petiolaris
Salix purpurea
Salix pyrifolia
Salix sericea
Salix serissima
Salix x
Salsola collina
Salsola tragus,Salsola kali
Salvia azurea
Salvia pratensis
Salvia reflexa
Salvia sylvestris
Sambucus nigra,Sambucus canadensis
Sambucus racemosa,Sambucus pubens
Samolus parviflorus
Sanguinaria canadensis
Sanguisorba canadensis
Sanicula canadensis
Sanicula marilandica
Sanicula odorata,Sanicula gregaria
Sanicula trifoliata
Sanvitalia procumbens
Saponaria officinalis
Sarracenia purpurea
Sassafras albidum
Satureja acinos
Satureja hortensis
Saururus cernuus
Saxifraga pensylvanica
Schedonorus pratensis,Festuca elatior
Scheuchzeria palustris
Schizachne purpurascens
Schizachyrium scoparium,Andropogon scoparius
Schoenoplectus acutus,Scirpus acutus
Schoenoplectus fluviatilis,Scirpus fluviatilis
Schoenoplectus hallii,Scirpus hallii
Schoenoplectus heterochaetus,Scirpus heterochaetus
Schoenoplectus maritimus,Scirpus paludosus
Schoenoplectus pungens,Scirpus pungens
Schoenoplectus purshianus,Scirpus purshianus
Schoenoplectus smithii,Scirpus smithii
Schoenoplectus subterminalis,Scirpus subterminalis
Schoenoplectus tabernaemontani,Scirpus validus
Schoenoplectus torreyi,Scirpus torreyi
Schrankia nuttallii
Scilla non-scripta
Scilla sibirica
Scirpus atrocinctus
Scirpus atrovirens
Scirpus cyperinus
Scirpus expansus
Scirpus georgianus
Scirpus hattorianus
Scirpus microcarpus,Scirpus rubrotinctus
Scirpus pedicellatus
Scirpus pendulus
Scirpus polyphyllus
Scleranthus annuus
Scleria muehlenbergii,Scleria muhlenbergii
Scleria pauciflora
Scleria reticularis
Scleria triglomerata
Scleria verticillata
Sclerochloa dura
Scrophularia lanceolata
Scrophularia marilandica
Scutellaria elliptica
Scutellaria galericulata,Scutellaria epilobiifolia
Scutellaria lateriflora
Scutellaria nervosa
Scutellaria ovata
Scutellaria parvula
Secale cereale
Securigera varia,Coronilla varia
Sedum acre
Sedum alboroseum
Sedum album
Sedum reflexum
Sedum sarmentosum
Sedum sexangulare
Sedum ternatum
Selaginella apoda
Selaginella rupestris
Senecio hieraciifolius,Erechtites hieracifolia
Senecio jacobaea
Senecio suaveolens,Cacalia suaveolens
Senecio viscosus
Senecio vulgaris
Senna hebecarpa,Cassia hebecarpa
Senna marilandica,Cassia marilandica
Senna obtusifolia,Cassia tora
Senna occidentalis,Cassia occidentalis
Setaria faberi
Setaria italica
Setaria parviflora,Setaria geniculata
Setaria pumila,Setaria glauca
Setaria verticillata
Setaria viridis
Shepherdia canadensis
Sherardia arvensis
Sibara virginica
Sicyos angulatus
Sida spinosa
Silene antirrhina
Silene armeria
Silene chalcedonica,Lychnis chalcedonica
Silene conica
Silene coronaria,Lychnis coronaria
Silene cserei
Silene dichotoma
Silene dioica,Lychnis dioica
Silene flos-cuculi
Silene latifolia,Lychnis alba
Silene nivea
Silene noctiflora
Silene regia
Silene stellata
Silene virginica
Silene vulgaris,Silene cucubalus
Silphium integrifolium
Silphium laciniatum
Silphium perfoliatum
Silphium terebinthinaceum
Sinapis alba,Brassica alba
Sinapis arvensis,Brassica kaber
Sisymbrium altissimum
Sisymbrium loeselii
Sisymbrium officinale
Sisyrinchium albidum
Sisyrinchium angustifolium
Sisyrinchium atlanticum
Sisyrinchium campestre
Sisyrinchium montanum
Sium suave
Smallanthus uvedalius,Polymnia uvedalia
Smilax ecirrhata
Smilax hispida,Smilax tamnoides
Smilax illinoensis
Smilax lasioneuron,Smilax lasioneura
Smilax rotundifolia
Solanum americanum
Solanum carolinense
Solanum dimidiatum
Solanum dulcamara
Solanum elaeagnifolium
Solanum physalifolium,Solanum sarachoides
Solanum rostratum
Solanum triflorum
Solanum tuberosum
Solidago altissima
Solidago caesia
Solidago canadensis
Solidago flexicaulis
Solidago gigantea
Solidago glaberrima,Solidago missouriensis
Solidago hispida
Solidago juncea
Solidago nemoralis
Solidago ohioensis
Solidago patula
Solidago ptarmicoides,Aster ptarmicoides
Solidago riddellii
Solidago rigida
Solidago rigidiuscula
Solidago rugosa
Solidago sempervirens
Solidago simplex,Solidago racemosa
Solidago speciosa
Solidago uliginosa
Solidago ulmifolia
Sonchus arvensis
Sonchus asper
Sonchus oleraceus
Sorbus americana
Sorbus aucuparia
Sorbus decora
Sorghastrum nutans
Sorghum bicolor
Sorghum halepense
Sparganium americanum
Sparganium androcladum
Sparganium angustifolium,Sparganium chlorocarpum
Sparganium eurycarpum
Sparganium natans,Sparganium minimum
Spartina pectinata
Spergula arvensis
Spergularia marina
Spergularia media
Spergularia rubra
Spermolepis inermis
Sphenopholis intermedia
Sphenopholis nitida
Sphenopholis obtusata
Spiraea alba
Spiraea douglasii
Spiraea prunifolia
Spiraea thunbergii
Spiraea tomentosa
Spiraea x
Spiranthes cernua
Spiranthes lacera
Spiranthes lucida
Spiranthes magnicamporum
Spiranthes ochroleuca
Spiranthes ovalis
Spiranthes romanzoffiana
Spiranthes tuberosa
Spirodela polyrhiza
Sporobolus clandestinus
Sporobolus compositus,Sporobolus asper
Sporobolus cryptandrus
Sporobolus heterolepis
Sporobolus neglectus
Sporobolus vaginiflorus
Stachys aspera,Stachys hyssopifolia
Stachys byzantina
Stachys hyssopifolia
Stachys palustris
Stachys pilosa,Stachys palustris
Stachys tenuifolia
Staphylea trifolia
Stellaria crassifolia
Stellaria graminea
Stellaria longifolia
Stellaria media
Stellaria pallida
Stellaria pubera
Stenanthium gramineum
Stenosiphon linifolius
Streptopus lanceolatus,Streptopus roseus
Strophostyles helvola,Strophostyles helvula
Strophostyles leiosperma
Stuckenia pectinata,Potamogeton pectinatus
Stylophorum diphyllum
Styrax americanus,Styrax americana
Suaeda calceoliformis,Suaeda depressa
Sullivantia sullivantii,Sullivantia renifolia
Symphoricarpos albus
Symphoricarpos occidentalis
Symphoricarpos orbiculatus
Symphyotrichum boreale,Aster borealis
Symphyotrichum ciliatum,Aster brachyactis
Symphyotrichum ciliolatum
Symphyotrichum cordifolium,Aster cordifolius
Symphyotrichum divaricatum
Symphyotrichum drummondii,Aster sagittifolius
Symphyotrichum dumosum,Aster dumosus
Symphyotrichum ericoides,Aster ericoides
Symphyotrichum falcatum
Symphyotrichum laeve,Aster laevis
Symphyotrichum lanceolatum,Aster simplex
Symphyotrichum lateriflorum,Aster lateriflorus
Symphyotrichum novae-angliae,Aster novae-angliae
Symphyotrichum oblongifolium,Aster oblongifolius
Symphyotrichum ontarionis,Aster ontarionis
Symphyotrichum oolentangiense,Aster azureus
Symphyotrichum parviceps,Aster parviceps
Symphyotrichum pilosum,Aster pilosus
Symphyotrichum praealtum,Aster praealtus
Symphyotrichum prenanthoides,Aster prenanthoides
Symphyotrichum puniceum,Aster puniceus,Aster puniceus
Symphyotrichum racemosum,Aster vimineus
Symphyotrichum sericeum,Aster sericeus
Symphyotrichum shortii,Aster shortii
Symphyotrichum subulatum,Aster subulatus
Symphyotrichum urophyllum,Aster sagittifolius
Symphytum asperum
Symphytum offlcinale,Symphytum officinale
Symplocarpus foetidus
Syringa pubescens
Syringa vulgaris
Syringa x
Taenidia integerrima
Tanacetum balsamita,Chrysanthemum balsamita
Tanacetum parthenium,Chrysanthemum parthenium
Tanacetum vulgare
Taraxacum erythrospermum
Taraxacum officinale
Tarenaya hassleriana,Cleome hassleriana
Taxus canadensis
Teesdalia nudicaulis
Tephrosia virginiana
Tetraneuris herbacea,Actinea herbacea
Teucrium canadense
Thalictrum dasycarpum
Thalictrum dioicum
Thalictrum revolutum
Thalictrum thalictroides,Anemonella thalictroides
Thaspium barbinode
Thaspium trifoliatum
Thelesperma megapotamicum,Thelesperma gracile
Thelypteris noveboracensis,Dryopteris noveboracensis
Thelypteris palustris,Dryopteris thelypteris
Thismia americana
Thlaspi arvense
Thuja occidentalis
Thymelaea passerina
Thymus serpyllum
Tiarella cordifolia
Tidestromia lanuginosa
Tilia americana
Tipularia discolor
Tomanthera auriculata
Torilis arvensis
Torilis japonica
Torreyochloa pallida,Glyceria pallida
Toxicodendron radicans,Rhus radicans
Toxicodendron rydbergii,Rhus radicans
Toxicodendron vernix,Rhus vernix
Tradescantia bracteata
Tradescantia ohiensis
Tradescantia subaspera
Tradescantia virginiana
Tragopogon dubius
Tragopogon porrifolius
Tragopogon pratensis
Triantha glutinosa,Tofieldia glutinosa
Tribulus terrestris
Trichophorum caespitosum,Scirpus cespitosus
Trichophorum clintonii,Scirpus clintonii
Trichostema dichotomum
Tridens flavus,Triodia flava
Trientalis borealis
Trifolium arvense
Trifolium aureum
Trifolium campestre
Trifolium dubium
Trifolium fragiferum
Trifolium hybridum
Trifolium incarnatum
Trifolium pratense
Trifolium reflexum
Trifolium repens
Trifolium resupinatum
Triglochin maritima
Triglochin palustris
Trillium cernuum
Trillium erectum
Trillium flexipes
Trillium grandiflorum
Trillium nivale
Trillium recurvatum
Trillium sessile
Trillium undulatum
Triodanis leptocarpa,Specularia leptocarpa
Triodanis perfoliata,Specularia perfoliata
Triosteum aurantiacum
Triosteum illinoense,Triosteum aurantiacum
Triosteum perfoliatum
Triphora trianthophora
Triplasis purpurea
Tripleurospermum maritimum,Matricaria maritima
Tripsacum dactyloides
Triticum aestivum
Tsuga canadensis
Tulipa sylvestris
Turritis glabra,Arabis glabra
Tussilago farfara
Typha angustifolia
Typha domingensis
Typha latifolia
Typha x
Ulmus americana
Ulmus pumila
Ulmus rubra
Ulmus thomasii
Ulmus x
Urtica dioica,Urtica procera
Utricularia cornuta
Utricularia geminiscapa
Utricularia gibba
Utricularia intermedia
Utricularia macrorhiza,Utricularia vulgaris
Utricularia minor
Utricularia purpurea
Utricularia radiata,Utricularia inflata
Utricularia resupinata
Utricularia subulata
Uvularia grandiflora
Uvularia sessilifolia
Vaccaria hispanica,Saponaria vaccaria
Vaccinium angustifolium
Vaccinium corymbosum
Vaccinium macrocarpon
Vaccinium myrtilloides
Vaccinium oxycoccos
Vaccinium pallidum
Valeriana edulis,Valeriana ciliata
Valeriana offlcinalis,Valeriana officinalis
Valeriana uliginosa
Valerianella chenopodifolia
Valerianella locusta
Valerianella umbilicata
Vallisneria americana
Veratrum virginicum,Melanthium virginicum
Verbascum blattaria
Verbascum phlomoides
Verbascum speciosum
Verbascum thapsus
Verbascum virgatum
Verbena bipinnatifida
Verbena bracteata
Verbena hastata
Verbena simplex
Verbena stricta
Verbena urticifolia
Verbena x
Verbesina alternifolia,Actinomeris alternifolia
Vernonia baldwinii
Vernonia fasciculata
Vernonia gigantea,Vernonia altissima,Vernonia altissima
Vernonia missurica
Veronica americana
Veronica anagallis-aquatica,Veronica comosa
Veronica arvensis
Veronica biloba
Veronica chamaedrys
Veronica longifolia
Veronica officinalis
Veronica peregrina
Veronica persica
Veronica polita
Veronica scutellata
Veronica serpyllifolia
Veronica teucrium
Veronica verna
Veronicastrum virginicum
Viburnum acerifolium
Viburnum dentatum
Viburnum lantana
Viburnum lentago
Viburnum nudum,Viburnum cassinoides
Viburnum opulus,Viburnum trilobum
Viburnum prunifolium
Viburnum raflnesquianum,Viburnum rafinesquianum
Viburnum recognitum
Vicia americana
Vicia caroliniana
Vicia cracca
Vicia dasycarpa
Vicia sativa
Vicia tetrasperma
Vicia villosa
Vigna unguiculata
Vinca major
Vinca minor
Vincetoxicum nigrum,Cynanchum nigrum
Viola affinis
Viola arvensis
Viola bicolor,Viola kitaibeliana
Viola blanda
Viola canadensis
Viola cucullata
Viola flmbriatula,Viola fimbriatula
Viola labradorica,Viola conspersa
Viola lanceolata
Viola macloskeyi,Viola pallens
Viola missouriensis
Viola nephrophylla
Viola odorata
Viola palmata
Viola pedata
Viola pedatifida
Viola primulifolia
Viola pubescens
Viola rostrata
Viola sagittata
Viola septentrionalis
Viola sororia
Viola striata
Viola subsinuata
Viola tricolor
Viola x
Vitis aestivalis
Vitis labrusca
Vitis riparia
Vitis vulpina
Vulpia myuros
Vulpia octoflora
Wisteria frutescens,Wisteria macrostachya
Wolffia brasiliensis,Wolffia papulifera,Wolffia punctata
Wolffia columbiana
Wolffiella gladiata,Wolffiella floridana
Woodsia obtusa
Woodwardia areolata
Woodwardia virginica
Xanthium spinosum
Xanthium strumarium
Xyris difformis
Xyris torta
Yucca smalliana
Zannichellia palustris
Zanthoxylum americanum,Xanthoxylum americanum
Zea mays
Zizania aquatica
Zizia aptera
Zizia aurea
Zoysia japonica
